{"stats":{"minecraft:killed":{"minecraft:pig":11,"minecraft:zombie_villager":1,"born_in_chaos_v1:baby_skeleton":1,"born_in_chaos_v1:zombie_bruiser":1,"born_in_chaos_v1:decrepit_skeleton":1,"born_in_chaos_v1:maggot":1,"minecraft:sheep":3,"minecraft:skeleton":2,"minecraft:zombie":2,"alexsmobs:terrapin":1,"born_in_chaos_v1:corpse_fly":2,"gnumus:pitcher_mousse":2,"born_in_chaos_v1:firelight_not_despawn":2,"minecraft:cow":4},"minecraft:mined":{"minecraft:dark_oak_planks":2,"minecraft:brown_mushroom":9,"brewery:wild_hops":11,"minecraft:brown_carpet":4,"beachparty:beach_grass":1,"gravestone:gravestone":1,"vinery:red_grape_bush":1,"minecraft:grass_block":3,"biomesoplenty:high_grass_plant":76,"minecraft:copper_ore":1,"biomesoplenty:sprout":4,"minecraft:oak_planks":4,"minecraft:coarse_dirt":5,"minecraft:furnace":1,"minecraft:fire":1,"minecraft:barrel":3,"minecraft:birch_leaves":1,"treechop:chopped_log":4,"minecraft:grass":128,"vinery:taiga_grape_bush_white":1,"minecraft:coal_ore":31,"biomesoplenty:high_grass":20,"minecraft:sunflower":2,"minecraft:gravel":3,"minecraft:sand":2,"minecraft:dirt":13,"gnumus:fragile_gnumus_jug":3,"minecraft:stone":150,"minecraft:spruce_slab":1},"minecraft:custom":{"minecraft:interact_with_furnace":73,"minecraft:mob_kills":34,"minecraft:interact_with_crafting_table":16,"minecraft:open_barrel":3,"minecraft:leave_game":3,"minecraft:time_since_death":3309,"minecraft:time_since_rest":3365,"minecraft:sprint_one_cm":130249,"minecraft:damage_taken":1460,"minecraft:walk_one_cm":217857,"minecraft:drop":18,"minecraft:damage_dealt":4682,"minecraft:swim_one_cm":6959,"minecraft:fly_one_cm":245216,"minecraft:open_chest":1,"minecraft:crouch_one_cm":493,"minecraft:deaths":2,"minecraft:play_time":59416,"minecraft:sneak_time":254,"minecraft:walk_under_water_one_cm":3164,"minecraft:jump":1163,"minecraft:walk_on_water_one_cm":3705,"minecraft:total_world_time":59416,"minecraft:fall_one_cm":28841},"minecraft:picked_up":{"born_in_chaos_v1:corpse_maggot":4,"minecraft:coarse_dirt":7,"born_in_chaos_v1:monster_flesh":1,"minecraft:leather":4,"minecraft:brown_mushroom":8,"vinery:red_grape_seeds":2,"minecraft:oak_log":7,"gravestone:obituary":2,"minecraft:gunpowder":1,"minecraft:dirt":16,"minecraft:raw_copper":4,"brewery:hops_seeds":22,"born_in_chaos_v1:monster_skin":1,"minecraft:bone":5,"minecraft:apple":1,"minecraft:wheat_seeds":21,"minecraft:iron_ingot":1,"minecraft:beef":9,"minecraft:oak_planks":4,"minecraft:furnace":1,"minecraft:dark_oak_sapling":5,"minecraft:stick":6,"vinery:taiga_grape_seeds_white":2,"minecraft:gravel":3,"minecraft:porkchop":19,"minecraft:sand":2,"minecraft:spruce_sapling":1,"minecraft:spruce_log":17,"minecraft:dark_oak_log":49,"minecraft:barrel":3,"minecraft:dark_oak_planks":2,"minecraft:arrow":3,"minecraft:rotten_flesh":15,"born_in_chaos_v1:fire_dust":3,"minecraft:oak_sapling":2,"minecraft:mutton":5,"minecraft:coal":31,"minecraft:white_wool":3,"minecraft:cobblestone":149,"minecraft:sunflower":3},"minecraft:killed_by":{"born_in_chaos_v1:nightmare_stalker":2},"minecraft:broken":{"minecraft:stone_pickaxe":1},"minecraft:crafted":{"minecraft:cooked_beef":8,"minecraft:oak_planks":28,"brewery:fried_chicken":1,"minecraft:cooked_porkchop":25,"minecraft:crafting_table":6,"brewery:pork_knuckle":20,"minecraft:spruce_planks":68,"minecraft:wooden_pickaxe":1,"minecraft:cooked_chicken":1,"brewery:sausage":3,"minecraft:furnace":7,"minecraft:stone_axe":1,"minecraft:cooked_mutton":8,"minecraft:air":0,"minecraft:leather":2,"minecraft:stick":12,"minecraft:stone_pickaxe":2,"minecraft:wooden_axe":1,"minecraft:stone_sword":1,"minecraft:white_bed":1,"minecraft:dark_oak_planks":192},"minecraft:dropped":{"minecraft:brown_mushroom":8,"minecraft:coarse_dirt":6,"minecraft:rotten_flesh":16,"minecraft:dark_oak_log":1,"born_in_chaos_v1:corpse_maggot":4,"gravestone:obituary":4,"minecraft:sunflower":3,"minecraft:sand":2},"minecraft:used":{"minecraft:cooked_mutton":8,"minecraft:stone_sword":97,"minecraft:stone_pickaxe":188,"minecraft:oak_planks":6,"minecraft:wooden_pickaxe":4,"brewery:fried_chicken":1,"minecraft:dirt":4,"minecraft:crafting_table":6,"minecraft:white_bed":1,"minecraft:wooden_axe":19,"minecraft:dark_oak_planks":111,"minecraft:apple":1,"born_in_chaos_v1:monster_flesh":1,"minecraft:barrel":3,"minecraft:stone_axe":66,"minecraft:cobblestone":9,"minecraft:furnace":8,"minecraft:cooked_porkchop":3,"alexsmobs:animal_dictionary":1,"minecraft:coarse_dirt":1,"brewery:pork_knuckle":1}},"DataVersion":3465}