{"stats":{"minecraft:crafted":{"minecraft:cooked_beef":2,"minecraft:oak_planks":24,"minecraft:cooked_porkchop":2,"minecraft:crafting_table":4,"brewery:pork_knuckle":1,"minecraft:wooden_pickaxe":1,"brewery:sausage":3,"minecraft:furnace":2,"minecraft:stone_axe":1,"minecraft:air":0,"minecraft:stick":8,"minecraft:stone_pickaxe":1,"minecraft:wooden_axe":1,"minecraft:stone_sword":1,"minecraft:dark_oak_planks":188},"minecraft:picked_up":{"minecraft:coarse_dirt":3,"born_in_chaos_v1:monster_flesh":1,"minecraft:leather":1,"minecraft:brown_mushroom":8,"vinery:red_grape_seeds":2,"minecraft:oak_log":6,"minecraft:dirt":4,"born_in_chaos_v1:monster_skin":1,"brewery:hops_seeds":20,"minecraft:apple":1,"minecraft:wheat_seeds":2,"minecraft:beef":3,"minecraft:oak_planks":4,"minecraft:dark_oak_sapling":5,"minecraft:stick":2,"vinery:taiga_grape_seeds_white":2,"minecraft:porkchop":9,"minecraft:sand":2,"minecraft:dark_oak_log":47,"minecraft:rotten_flesh":1,"born_in_chaos_v1:fire_dust":3,"minecraft:oak_sapling":2,"minecraft:cobblestone":114,"minecraft:sunflower":1},"minecraft:custom":{"minecraft:interact_with_furnace":9,"minecraft:mob_kills":11,"minecraft:interact_with_crafting_table":8,"minecraft:leave_game":1,"minecraft:time_since_death":18972,"minecraft:time_since_rest":18972,"minecraft:sprint_one_cm":35553,"minecraft:damage_taken":245,"minecraft:walk_one_cm":60724,"minecraft:drop":5,"minecraft:damage_dealt":1268,"minecraft:swim_one_cm":311,"minecraft:fly_one_cm":64626,"minecraft:crouch_one_cm":219,"minecraft:play_time":18972,"minecraft:sneak_time":98,"minecraft:walk_under_water_one_cm":2723,"minecraft:jump":318,"minecraft:walk_on_water_one_cm":3210,"minecraft:total_world_time":18972,"minecraft:fall_one_cm":7257},"minecraft:used":{"brewery:pork_knuckle":1,"minecraft:stone_sword":56,"minecraft:stone_pickaxe":113,"minecraft:oak_planks":6,"minecraft:wooden_pickaxe":4,"minecraft:crafting_table":4,"minecraft:wooden_axe":19,"minecraft:dark_oak_planks":4,"minecraft:apple":1,"born_in_chaos_v1:monster_flesh":1,"minecraft:stone_axe":4,"minecraft:furnace":2,"minecraft:cooked_porkchop":2,"alexsmobs:animal_dictionary":1,"minecraft:coarse_dirt":1},"minecraft:dropped":{"minecraft:brown_mushroom":8,"minecraft:coarse_dirt":2,"minecraft:rotten_flesh":1,"minecraft:sunflower":1,"minecraft:sand":2},"minecraft:killed":{"minecraft:pig":6,"minecraft:zombie_villager":1,"alexsmobs:terrapin":1,"born_in_chaos_v1:firelight_not_despawn":2,"minecraft:cow":1},"minecraft:mined":{"minecraft:brown_mushroom":9,"brewery:wild_hops":10,"beachparty:beach_grass":1,"vinery:red_grape_bush":1,"biomesoplenty:high_grass_plant":3,"biomesoplenty:sprout":4,"minecraft:oak_planks":4,"minecraft:coarse_dirt":3,"minecraft:fire":1,"treechop:chopped_log":2,"minecraft:grass":6,"vinery:taiga_grape_bush_white":1,"biomesoplenty:high_grass":4,"minecraft:sunflower":1,"minecraft:sand":2,"minecraft:dirt":4,"minecraft:stone":114}},"DataVersion":3465}