{"stats":{"minecraft:picked_up":{"minecraft:brown_mushroom":1,"minecraft:wheat_seeds":1,"minecraft:sand":1,"biomesoplenty:redwood_wood":1,"minecraft:dirt":1},"minecraft:used":{"minecraft:dirt":1,"alexsmobs:animal_dictionary":2},"minecraft:mined":{"minecraft:grass_block":1,"minecraft:brown_mushroom":1,"minecraft:sand":1,"minecraft:dark_oak_leaves":8,"biomesoplenty:sprout":1,"minecraft:spruce_leaves":1,"minecraft:red_mushroom_block":1,"biomesoplenty:redwood_wood":1,"minecraft:oak_leaves":2,"minecraft:fern":1},"minecraft:custom":{"minecraft:time_since_rest":7521,"minecraft:crouch_one_cm":92,"minecraft:sprint_one_cm":55930,"minecraft:play_time":25418,"minecraft:deaths":1,"minecraft:damage_taken":415,"minecraft:walk_one_cm":32730,"minecraft:sneak_time":104,"minecraft:damage_dealt_resisted":4,"minecraft:jump":274,"minecraft:damage_dealt":26,"minecraft:leave_game":4,"minecraft:walk_on_water_one_cm":659,"minecraft:time_since_death":7308,"minecraft:total_world_time":25418,"minecraft:fall_one_cm":13385,"minecraft:fly_one_cm":56029}},"DataVersion":3465}