{"stats":{"minecraft:used":{"alexsmobs:animal_dictionary":2,"minecraft:dirt":1},"minecraft:custom":{"minecraft:jump":116,"minecraft:time_since_rest":64,"minecraft:deaths":1,"minecraft:walk_on_water_one_cm":589,"minecraft:damage_dealt":6,"minecraft:leave_game":2,"minecraft:play_time":17961,"minecraft:sprint_one_cm":28504,"minecraft:damage_taken":235,"minecraft:time_since_death":0,"minecraft:walk_one_cm":10766,"minecraft:total_world_time":17961,"minecraft:fly_one_cm":19923,"minecraft:fall_one_cm":5533,"minecraft:damage_dealt_resisted":4},"minecraft:picked_up":{"minecraft:dirt":1},"minecraft:mined":{"minecraft:grass_block":1,"minecraft:oak_leaves":2,"minecraft:dark_oak_leaves":7}},"DataVersion":3465}