{"stats":{"minecraft:picked_up":{"minecraft:dirt":1},"minecraft:custom":{"minecraft:jump":53,"minecraft:time_since_rest":15907,"minecraft:damage_taken":60,"minecraft:sprint_one_cm":10136,"minecraft:leave_game":1,"minecraft:play_time":15907,"minecraft:time_since_death":15907,"minecraft:walk_one_cm":5617,"minecraft:total_world_time":15907,"minecraft:fall_one_cm":2568,"minecraft:fly_one_cm":8851},"minecraft:mined":{"minecraft:grass_block":1,"minecraft:dark_oak_leaves":7},"minecraft:used":{"alexsmobs:animal_dictionary":1,"minecraft:dirt":1}},"DataVersion":3465}