{"stats":{"minecraft:killed":{"born_in_chaos_v1:zombie_lumberjack":4,"minecraft:spider":7,"alexsmobs:murmur":1,"born_in_chaos_v1:siamese_skeletonsright":3,"minecraft:skeleton":17,"alexsmobs:banana_slug":4,"minecraft:chicken":2,"gnumus:pitcher_mousse":6,"born_in_chaos_v1:skeleton_thrasher":1,"alexsmobs:centipede_head":1,"artifacts:mimic":1,"minecraft:pig":6,"minecraft:zombie_villager":4,"born_in_chaos_v1:diamond_termite":20,"minecraft:salmon":4,"gnumus:big_snout":4,"minecraft:creeper":5,"gnumus:marsupial_mousse":2,"minecraft:sheep":9,"born_in_chaos_v1:zombie_fisherman":2,"minecraft:pillager":1,"minecraft:zombie":29,"born_in_chaos_v1:dread_hound":4,"alexsmobs:terrapin":3,"born_in_chaos_v1:corpse_fly":12,"born_in_chaos_v1:door_knight":2,"born_in_chaos_v1:siamese_skeletonsleft":3,"minecraft:cow":12,"born_in_chaos_v1:missioner":1,"alexsmobs:tasmanian_devil":2,"born_in_chaos_v1:zombie_bruiser":1,"born_in_chaos_v1:maggot":13,"gnumus:gnumus_hunter":7,"born_in_chaos_v1:corpse_fish":1,"born_in_chaos_v1:barrel_zombie":1,"born_in_chaos_v1:baby_skeleton":6,"born_in_chaos_v1:decrepit_skeleton":13,"alexsmobs:catfish":4,"alexsmobs:cockroach":2,"born_in_chaos_v1:dark_vortex":1,"born_in_chaos_v1:nightmare_stalker":1,"alexsmobs:crow":1},"minecraft:mined":{"minecraft:large_amethyst_bud":5,"minecraft:white_bed":1,"minecraft:oak_sapling":1,"minecraft:cobblestone_stairs":32,"minecraft:obsidian":16,"minecraft:granite":25,"minecraft:budding_amethyst":5,"biomesoplenty:fir_slab":3,"minecraft:grass_block":1011,"biomesoplenty:stripped_fir_log":2,"minecraft:tall_seagrass":4,"minecraft:iron_ore":43,"minecraft:cobbled_deepslate":15,"minecraft:barrel":1,"biomesoplenty:violet":1,"minecraft:pumpkin":30,"minecraft:deepslate_lapis_ore":14,"bakery:strawberry_taiga":1,"minecraft:water_cauldron":1,"minecraft:deepslate_redstone_ore":10,"minecraft:brown_mushroom":3,"brewery:wild_hops":2,"minecraft:medium_amethyst_bud":2,"minecraft:amethyst_cluster":4,"born_in_chaos_v1:infected_deepslate_diamond_ore":12,"minecraft:torch":1,"minecraft:calcite":114,"minecraft:poppy":1,"minecraft:chest":11,"minecraft:cobblestone":271,"minecraft:grindstone":1,"minecraft:sugar_cane":6,"minecraft:wall_torch":2,"minecraft:amethyst_block":35,"minecraft:cauldron":1,"minecraft:seagrass":1,"handcrafted:bear_trophy":1,"mcwfurnitures:dark_oak_modern_desk":1,"born_in_chaos_v1:river_mint":1,"biomesoplenty:fir_log":93,"minecraft:grass":158,"minecraft:oak_log":6,"minecraft:sand":132,"minecraft:dirt":204,"biomesoplenty:fir_sapling":6,"minecraft:smooth_basalt":32,"minecraft:oak_leaves":9,"minecraft:deepslate":3795,"biomesoplenty:reed":2,"minecraft:diamond_ore":2,"alexscaves:spelunkery_table":1,"minecraft:tuff":383,"minecraft:mossy_cobblestone":3,"minecraft:dark_oak_leaves":5,"minecraft:deepslate_diamond_ore":26,"minecraft:candle":2,"born_in_chaos_v1:infected_diamond_ore":2,"handcrafted:wood_cup":1,"gravestone:gravestone":1,"biomesoplenty:bush":3,"minecraft:allium":1,"born_in_chaos_v1:black_argillite":1,"minecraft:spruce_leaves":6,"minecraft:red_mushroom":2,"minecraft:large_fern":2,"minecraft:furnace":6,"minecraft:andesite":55,"treechop:chopped_log":49,"biomesoplenty:sea_oats":14,"minecraft:bookshelf":1,"biomesoplenty:fir_door":2,"minecraft:potatoes":44,"minecraft:deepslate_iron_ore":43,"biomesoplenty:fir_stairs":13,"minecraft:cobblestone_slab":8,"minecraft:lantern":1,"biomesoplenty:barley":11,"minecraft:stone":1159,"minecraft:smithing_table":1,"minecraft:glass_pane":12,"minecraft:lily_of_the_valley":2,"minecraft:stripped_dark_oak_log":3,"minecraft:dandelion":1,"minecraft:crafting_table":17,"minecraft:cobbled_deepslate_wall":1,"minecraft:cornflower":2,"minecraft:emerald_ore":1,"biomesoplenty:fir_planks":111,"biomesoplenty:high_grass_plant":1,"minecraft:tall_grass":1,"minecraft:copper_ore":13,"biomesoplenty:sprout":11,"minecraft:deepslate_gold_ore":25,"minecraft:diorite":34,"biomesoplenty:fir_fence_gate":2,"minecraft:cobblestone_wall":4,"biomesoplenty:fir_fence":3,"minecraft:sweet_berry_bush":6,"minecraft:coal_ore":92,"biomesoplenty:fir_leaves":12,"beachparty:coconut_block":1,"minecraft:gravel":88,"minecraft:cobweb":12,"minecraft:gold_ore":10,"minecraft:fern":55},"minecraft:crafted":{"gnumus:grilled_juicy_meat":11,"minecraft:oak_planks":48,"minecraft:cobblestone_slab":180,"minecraft:dark_oak_wood":6,"mcwfurnitures:dark_oak_modern_desk":2,"minecraft:cooked_chicken":1,"minecraft:lightning_rod":1,"minecraft:cobblestone_stairs":244,"minecraft:cooked_mutton":15,"minecraft:iron_bars":16,"minecraft:glass":40,"minecraft:bow":1,"minecraft:iron_boots":2,"cfm:white_sofa":2,"biomesoplenty:fir_slab":30,"minecraft:chest":23,"alexsmobs:cooked_catfish":5,"handcrafted:wood_cup":3,"farmersdelight:tomato_seeds":15,"minecraft:item_frame":7,"sophisticatedbackpacks:backpack":1,"minecraft:cooked_porkchop":13,"minecraft:crafting_table":9,"farmersdelight:iron_knife":1,"minecraft:baked_potato":43,"minecraft:iron_helmet":2,"minecraft:wooden_pickaxe":1,"minecraft:copper_ingot":44,"biomesoplenty:fir_planks":1452,"minecraft:dark_oak_slab":6,"minecraft:iron_chestplate":2,"portablemobs:basic_capture_cell":3,"minecraft:diamond_pickaxe":1,"minecraft:charcoal":4,"minecraft:shield":1,"minecraft:stick":144,"minecraft:iron_ingot":79,"minecraft:iron_pickaxe":8,"minecraft:stone_sword":1,"minecraft:shears":1,"handcrafted:bear_trophy":1,"biomesoplenty:fir_door":6,"handcrafted:wolf_trophy":1,"biomesoplenty:fir_stairs":308,"minecraft:stone_shovel":2,"vanillaplustools:stone_hammer":3,"minecraft:iron_nugget":18,"minecraft:furnace":4,"minecraft:bone_meal":108,"minecraft:glass_pane":96,"minecraft:lantern":2,"minecraft:dark_oak_fence":3,"cfm:dark_oak_table":4,"minecraft:iron_axe":2,"minecraft:iron_hoe":1,"minecraft:stone_pickaxe":28,"minecraft:cobblestone_wall":18,"minecraft:dark_oak_planks":88,"minecraft:cooked_beef":15,"minecraft:iron_sword":4,"minecraft:cooked_salmon":6,"minecraft:mangrove_planks":4,"minecraft:bucket":1,"minecraft:stone_axe":6,"minecraft:jungle_planks":16,"minecraft:air":0,"biomesoplenty:fir_fence":30,"minecraft:iron_shovel":5,"minecraft:iron_leggings":3,"minecraft:white_bed":2,"minecraft:torch":144,"beautify:dark_oak_picture_frame":1,"biomesoplenty:fir_fence_gate":46},"minecraft:dropped":{"biomesoplenty:fir_log":6,"minecraft:brown_mushroom":1,"minecraft:oak_log":4,"minecraft:crafting_table":1,"minecraft:cooked_porkchop":2,"minecraft:dirt":47,"gravestone:obituary":2,"minecraft:bone":11,"minecraft:cobbled_deepslate":1405,"minecraft:rotten_flesh":5,"minecraft:oak_planks":1,"beachparty:rubber_ring_axolotl":1,"born_in_chaos_v1:seedof_chaos":1,"born_in_chaos_v1:corpse_maggot":1,"minecraft:melon_seeds":1,"minecraft:wheat_seeds":3,"minecraft:feather":3,"minecraft:cobblestone":1,"minecraft:apple":1,"minecraft:stick":2,"born_in_chaos_v1:gnawed_bones":1,"minecraft:gray_wool":1,"born_in_chaos_v1:river_mint":1,"minecraft:string":4,"minecraft:spruce_sapling":9,"beachparty:palm_sapling":3,"minecraft:stone_sword":1,"minecraft:tuff":294,"minecraft:raw_iron":1,"biomesoplenty:fir_planks":57,"minecraft:allium":1,"minecraft:oak_sapling":6},"minecraft:broken":{"minecraft:iron_shovel":4,"minecraft:stone_axe":5,"minecraft:iron_sword":3,"minecraft:stone_shovel":1,"vanillaplustools:stone_hammer":3,"minecraft:iron_axe":1,"minecraft:iron_pickaxe":4},"minecraft:picked_up":{"born_in_chaos_v1:charmof_stealth":1,"beachparty:rubber_ring_axolotl":1,"minecraft:smithing_table":1,"gnumus:gnumus_claw":8,"biomesoplenty:orange_autumn_sapling":3,"vinery:cherry_log":6,"minecraft:amethyst_block":34,"born_in_chaos_v1:black_argillite":1,"minecraft:string":27,"minecraft:raw_copper":44,"biomesoplenty:yellow_autumn_sapling":3,"minecraft:iron_leggings":2,"minecraft:pufferfish":1,"vanillaplustools:stone_shovel":1,"beachparty:coconut_open":2,"minecraft:cobbled_deepslate":2189,"biomesoplenty:fir_planks":169,"minecraft:calcite":114,"minecraft:cobblestone_slab":12,"minecraft:mangrove_log":1,"minecraft:furnace":6,"minecraft:stick":393,"born_in_chaos_v1:shattered_skull":3,"farmersdelight:rotten_tomato":1,"born_in_chaos_v1:phantom_powder":2,"minecraft:torch":45,"minecraft:acacia_log":2,"minecraft:porkchop":11,"minecraft:cherry_log":7,"minecraft:diorite":34,"born_in_chaos_v1:nightmare_claw":1,"alexsmobs:centipede_leg":2,"minecraft:cauldron":2,"biomesoplenty:fir_fence_gate":2,"minecraft:stone_sword":1,"minecraft:rotten_flesh":72,"mcwfurnitures:dark_oak_modern_desk":1,"gnumus:gnumus_chickpeas":6,"biomesoplenty:fir_slab":3,"minecraft:obsidian":16,"minecraft:cod":3,"minecraft:cobblestone":2043,"minecraft:nautilus_shell":1,"minecraft:birch_log":21,"gnumus:gnumus_doubloons":7,"minecraft:feather":4,"minecraft:cooked_beef":5,"minecraft:andesite":150,"minecraft:jungle_log":4,"minecraft:potato":167,"biomesoplenty:fir_sapling":427,"biomesoplenty:fir_log":1845,"beachparty:palm_log":13,"minecraft:tuff":497,"biomesoplenty:fir_stairs":13,"minecraft:lantern":1,"farmersdelight:tomato":14,"minecraft:lapis_lazuli":122,"minecraft:dirt":1238,"gnumus:gnumus_pouch_2":3,"brewery:hops_seeds":6,"born_in_chaos_v1:monster_skin":3,"minecraft:bone":62,"minecraft:bow":2,"minecraft:cobbled_deepslate_wall":1,"minecraft:wheat_seeds":45,"minecraft:raw_gold":32,"minecraft:grindstone":1,"artifacts:antidote_vessel":1,"minecraft:oak_planks":1,"biomesoplenty:magic_sapling":5,"biomesoplenty:toadstool":4,"minecraft:cooked_porkchop":2,"minecraft:poisonous_potato":1,"handcrafted:wood_cup":1,"minecraft:sand":156,"biomesoplenty:fir_fence":3,"minecraft:lily_of_the_valley":2,"minecraft:dark_oak_log":79,"minecraft:barrel":1,"minecraft:mossy_cobblestone":3,"minecraft:diamond":29,"gnumus:gnumus_clay":12,"waystones:waystone":2,"minecraft:granite":25,"minecraft:emerald":1,"alexsmobs:banana_slug_slime":7,"born_in_chaos_v1:rotten_fish":2,"minecraft:oak_sapling":7,"minecraft:crafting_table":17,"born_in_chaos_v1:diamond_termite_shard":17,"minecraft:allium":1,"minecraft:chicken":2,"born_in_chaos_v1:river_mint":1,"born_in_chaos_v1:seedof_chaos":1,"born_in_chaos_v1:charmof_resistance":1,"minecraft:brown_mushroom":3,"gravestone:obituary":1,"beachparty:coconut":3,"minecraft:cornflower":2,"biomesoplenty:fir_door":2,"born_in_chaos_v1:intoxicating_decoction":1,"vinery:cherry_sapling":2,"minecraft:candle":2,"minecraft:beef":21,"alexsmobs:elastic_tendon":1,"born_in_chaos_v1:gnawed_bones":2,"minecraft:light_gray_wool":1,"minecraft:sugar_cane":17,"minecraft:chest":11,"minecraft:birch_sapling":5,"minecraft:dark_oak_sapling":9,"minecraft:raw_iron":88,"gnumus:juicy_meat":14,"sophisticatedbackpacks:backpack":2,"born_in_chaos_v1:pieceofdarkmetal":18,"minecraft:carrot":2,"minecraft:redstone":41,"minecraft:arrow":19,"alexscaves:spelunkery_table":1,"minecraft:gold_ingot":32,"gnumus:mouse_skin":19,"minecraft:mutton":18,"minecraft:white_wool":13,"born_in_chaos_v1:fused_bone":6,"born_in_chaos_v1:corpse_maggot":16,"born_in_chaos_v1:monster_flesh":2,"minecraft:salmon":4,"minecraft:leather":8,"minecraft:red_mushroom":2,"gnumus:gnumus_pouch":1,"minecraft:oak_log":16,"minecraft:gunpowder":5,"minecraft:cobblestone_wall":4,"minecraft:cobblestone_stairs":30,"vanillaplustools:iron_hammer":1,"minecraft:apple":4,"alexsmobs:cockroach_wing_fragment":1,"minecraft:iron_ingot":27,"biomesoplenty:magic_log":26,"minecraft:book":3,"minecraft:smooth_basalt":32,"minecraft:pumpkin":30,"minecraft:sweet_berries":18,"born_in_chaos_v1:ethereal_spirit":4,"minecraft:red_wool":1,"beachparty:palm_sapling":3,"minecraft:dandelion":1,"minecraft:gravel":1,"born_in_chaos_v1:dark_rod":2,"minecraft:amethyst_shard":18,"minecraft:spruce_sapling":20,"minecraft:white_bed":1,"minecraft:spruce_log":42,"minecraft:spider_eye":2,"handcrafted:bear_trophy":1,"alexsmobs:raw_catfish":11,"vanillaplustools:stone_hammer":1,"minecraft:gray_wool":1,"minecraft:stripped_dark_oak_log":3,"minecraft:coal":97},"minecraft:custom":{"minecraft:interact_with_crafting_table":157,"minecraft:open_barrel":12,"minecraft:leave_game":12,"minecraft:time_since_death":39184,"minecraft:sprint_one_cm":1012025,"minecraft:damage_blocked_by_shield":620,"minecraft:drop":74,"minecraft:play_time":613255,"minecraft:deaths":1,"minecraft:jump":6108,"minecraft:walk_on_water_one_cm":33753,"minecraft:interact_with_furnace":105,"minecraft:interact_with_loom":1,"minecraft:sleep_in_bed":32,"minecraft:waystone_activated":3,"minecraft:damage_dealt":38109,"minecraft:crouch_one_cm":122870,"minecraft:interact_with_smithing_table":1,"minecraft:mob_kills":231,"minecraft:damage_dealt_resisted":3739,"minecraft:climb_one_cm":881,"minecraft:walk_one_cm":2356248,"minecraft:damage_dealt_absorbed":80,"minecraft:sneak_time":56690,"minecraft:walk_under_water_one_cm":24596,"minecraft:interact_with_blast_furnace":3,"minecraft:total_world_time":613255,"minecraft:time_since_rest":39678,"minecraft:damage_taken":5249,"minecraft:swim_one_cm":147329,"minecraft:fly_one_cm":1053860,"minecraft:open_chest":510,"minecraft:fall_one_cm":147622},"minecraft:used":{"minecraft:iron_shovel":1079,"minecraft:chest":31,"minecraft:shield":25,"minecraft:iron_sword":847,"handcrafted:wood_cup":3,"minecraft:milk_bucket":1,"born_in_chaos_v1:corpse_maggot":3,"handcrafted:bear_trophy":2,"biomesoplenty:fir_sapling":12,"minecraft:lantern":3,"minecraft:item_frame":7,"minecraft:bow":4,"minecraft:oak_sapling":1,"minecraft:furnace":8,"biomesoplenty:fir_fence_gate":43,"handcrafted:wolf_trophy":1,"minecraft:potato":135,"gnumus:grilled_juicy_meat":11,"biomesoplenty:fir_fence":22,"minecraft:stone_pickaxe":98,"minecraft:wooden_pickaxe":12,"biomesoplenty:fir_planks":733,"alexscaves:cave_book":1,"minecraft:lightning_rod":1,"mcwfurnitures:dark_oak_modern_desk":3,"waystones:waystone":2,"sophisticatedbackpacks:backpack":3,"minecraft:dark_oak_log":3,"born_in_chaos_v1:monster_flesh":1,"biomesoplenty:fir_stairs":313,"minecraft:bone_meal":104,"beachparty:coconut":3,"minecraft:stone_sword":174,"minecraft:stone_shovel":210,"vanillaplustools:stone_hammer":589,"minecraft:cooked_salmon":4,"minecraft:cooked_chicken":1,"minecraft:torch":162,"minecraft:dirt":485,"minecraft:cobblestone_wall":16,"minecraft:iron_hoe":189,"beachparty:coconut_open":2,"minecraft:iron_axe":320,"beautify:dark_oak_picture_frame":1,"minecraft:barrel":1,"cfm:dark_oak_table":4,"minecraft:cooked_beef":20,"farmersdelight:tomato_seeds":19,"minecraft:cobbled_deepslate":75,"minecraft:cooked_mutton":15,"farmersdelight:iron_knife":4,"alexsmobs:cooked_catfish":5,"minecraft:water_bucket":9,"minecraft:cobblestone_stairs":274,"minecraft:baked_potato":21,"minecraft:cobblestone_slab":190,"minecraft:mossy_cobblestone":3,"biomesoplenty:fir_slab":25,"minecraft:crafting_table":24,"vanillaplustools:stone_shovel":47,"minecraft:white_bed":2,"minecraft:oak_log":1,"minecraft:diamond_pickaxe":60,"cfm:white_sofa":2,"minecraft:apple":3,"minecraft:iron_pickaxe":1300,"minecraft:stone_axe":795,"biomesoplenty:fir_door":8,"minecraft:cobblestone":695,"minecraft:cooked_porkchop":13,"minecraft:bucket":11,"minecraft:glass_pane":93,"alexsmobs:animal_dictionary":2,"biomesoplenty:fir_log":925}},"DataVersion":3465}