{"stats":{"minecraft:killed":{"born_in_chaos_v1:zombie_lumberjack":1,"minecraft:spider":1,"born_in_chaos_v1:siamese_skeletonsright":1,"born_in_chaos_v1:maggot":9,"minecraft:skeleton":4,"minecraft:chicken":1,"gnumus:pitcher_mousse":6,"gnumus:gnumus_hunter":2,"minecraft:pig":6,"born_in_chaos_v1:diamond_termite":7,"born_in_chaos_v1:baby_skeleton":2,"minecraft:salmon":1,"gnumus:big_snout":3,"minecraft:creeper":1,"gnumus:marsupial_mousse":2,"born_in_chaos_v1:decrepit_skeleton":4,"minecraft:sheep":6,"alexsmobs:catfish":1,"minecraft:pillager":1,"minecraft:zombie":8,"alexsmobs:cockroach":1,"born_in_chaos_v1:dread_hound":2,"born_in_chaos_v1:dark_vortex":1,"born_in_chaos_v1:nightmare_stalker":1,"alexsmobs:crow":1,"born_in_chaos_v1:siamese_skeletonsleft":1,"minecraft:cow":7},"minecraft:mined":{"minecraft:white_bed":1,"minecraft:oak_sapling":1,"minecraft:mossy_cobblestone":3,"minecraft:dark_oak_leaves":5,"minecraft:cobblestone_stairs":32,"born_in_chaos_v1:infected_diamond_ore":2,"minecraft:granite":13,"minecraft:allium":1,"biomesoplenty:bush":2,"biomesoplenty:fir_slab":3,"minecraft:grass_block":1001,"born_in_chaos_v1:black_argillite":1,"minecraft:spruce_leaves":2,"minecraft:red_mushroom":2,"biomesoplenty:stripped_fir_log":2,"minecraft:tall_seagrass":4,"minecraft:furnace":6,"minecraft:iron_ore":31,"minecraft:andesite":50,"treechop:chopped_log":42,"minecraft:deepslate_lapis_ore":2,"biomesoplenty:sea_oats":14,"biomesoplenty:fir_door":2,"biomesoplenty:fir_stairs":13,"minecraft:water_cauldron":1,"minecraft:deepslate_iron_ore":18,"minecraft:cobblestone_slab":8,"biomesoplenty:barley":11,"minecraft:stone":1045,"minecraft:deepslate_redstone_ore":7,"minecraft:glass_pane":11,"minecraft:brown_mushroom":1,"brewery:wild_hops":2,"minecraft:lily_of_the_valley":2,"minecraft:dandelion":1,"born_in_chaos_v1:infected_deepslate_diamond_ore":2,"minecraft:crafting_table":14,"biomesoplenty:fir_planks":101,"minecraft:poppy":1,"minecraft:chest":9,"biomesoplenty:high_grass_plant":1,"minecraft:copper_ore":5,"minecraft:cobblestone":264,"biomesoplenty:sprout":11,"minecraft:deepslate_gold_ore":1,"minecraft:sugar_cane":6,"minecraft:diorite":22,"minecraft:wall_torch":2,"biomesoplenty:fir_fence_gate":2,"minecraft:cobblestone_wall":4,"biomesoplenty:fir_fence":3,"born_in_chaos_v1:river_mint":1,"biomesoplenty:fir_log":93,"minecraft:grass":100,"minecraft:oak_log":6,"minecraft:coal_ore":57,"biomesoplenty:fir_leaves":12,"beachparty:coconut_block":1,"minecraft:sand":132,"minecraft:dirt":191,"minecraft:gold_ore":1,"minecraft:oak_leaves":8,"minecraft:deepslate":91,"minecraft:fern":36},"minecraft:crafted":{"biomesoplenty:fir_stairs":308,"minecraft:oak_planks":40,"gnumus:grilled_juicy_meat":11,"minecraft:cobblestone_slab":180,"minecraft:stone_shovel":2,"vanillaplustools:stone_hammer":1,"minecraft:iron_nugget":18,"minecraft:cooked_chicken":1,"minecraft:furnace":2,"minecraft:cobblestone_stairs":244,"minecraft:cooked_mutton":11,"minecraft:glass_pane":96,"minecraft:glass":40,"minecraft:lantern":2,"minecraft:iron_boots":1,"minecraft:iron_axe":1,"biomesoplenty:fir_slab":18,"minecraft:stone_pickaxe":10,"minecraft:cobblestone_wall":18,"minecraft:chest":20,"alexsmobs:cooked_catfish":5,"minecraft:dark_oak_planks":36,"minecraft:cooked_beef":5,"sophisticatedbackpacks:backpack":1,"minecraft:cooked_porkchop":8,"minecraft:crafting_table":6,"minecraft:wooden_pickaxe":1,"minecraft:iron_helmet":1,"minecraft:iron_sword":1,"minecraft:cooked_salmon":1,"minecraft:stone_axe":6,"minecraft:air":0,"biomesoplenty:fir_planks":1452,"biomesoplenty:fir_fence":30,"minecraft:iron_chestplate":1,"minecraft:shield":1,"minecraft:stick":100,"minecraft:iron_ingot":48,"minecraft:iron_pickaxe":8,"minecraft:stone_sword":1,"minecraft:iron_shovel":4,"minecraft:iron_leggings":1,"minecraft:white_bed":1,"minecraft:torch":64,"minecraft:shears":1,"biomesoplenty:fir_fence_gate":46,"biomesoplenty:fir_door":6,"handcrafted:wolf_trophy":1},"minecraft:dropped":{"biomesoplenty:fir_log":1,"minecraft:wheat_seeds":2,"minecraft:oak_log":4,"minecraft:crafting_table":1,"minecraft:cooked_porkchop":2,"minecraft:feather":3,"minecraft:cobblestone":1,"minecraft:apple":1,"minecraft:stick":2,"minecraft:dirt":47,"born_in_chaos_v1:gnawed_bones":1,"born_in_chaos_v1:river_mint":1,"minecraft:string":4,"minecraft:spruce_sapling":9,"minecraft:bone":11,"beachparty:palm_sapling":3,"minecraft:stone_sword":1,"minecraft:raw_iron":1,"minecraft:rotten_flesh":2,"minecraft:oak_planks":1,"born_in_chaos_v1:seedof_chaos":1,"biomesoplenty:fir_planks":57,"minecraft:allium":1,"born_in_chaos_v1:corpse_maggot":1,"minecraft:oak_sapling":6},"minecraft:broken":{"minecraft:iron_shovel":4,"minecraft:iron_axe":1,"minecraft:stone_axe":5,"minecraft:iron_pickaxe":3,"minecraft:stone_shovel":1},"minecraft:picked_up":{"minecraft:crafting_table":14,"born_in_chaos_v1:diamond_termite_shard":6,"minecraft:allium":1,"minecraft:chicken":1,"born_in_chaos_v1:river_mint":1,"born_in_chaos_v1:seedof_chaos":1,"gnumus:gnumus_claw":2,"minecraft:brown_mushroom":1,"beachparty:coconut":3,"born_in_chaos_v1:black_argillite":1,"minecraft:string":9,"biomesoplenty:fir_door":2,"minecraft:raw_copper":20,"born_in_chaos_v1:intoxicating_decoction":1,"vanillaplustools:stone_shovel":1,"beachparty:coconut_open":2,"minecraft:cobbled_deepslate":90,"biomesoplenty:fir_planks":161,"minecraft:beef":11,"born_in_chaos_v1:gnawed_bones":1,"minecraft:cobblestone_slab":12,"minecraft:light_gray_wool":1,"minecraft:sugar_cane":17,"minecraft:chest":9,"minecraft:birch_sapling":5,"minecraft:furnace":6,"minecraft:dark_oak_sapling":9,"minecraft:stick":279,"minecraft:raw_iron":49,"gnumus:juicy_meat":11,"minecraft:torch":24,"minecraft:porkchop":11,"minecraft:cherry_log":4,"minecraft:diorite":22,"born_in_chaos_v1:nightmare_claw":1,"born_in_chaos_v1:pieceofdarkmetal":3,"minecraft:redstone":32,"minecraft:cauldron":1,"biomesoplenty:fir_fence_gate":2,"minecraft:stone_sword":1,"minecraft:arrow":4,"minecraft:rotten_flesh":15,"biomesoplenty:fir_slab":3,"gnumus:mouse_skin":3,"minecraft:mutton":11,"minecraft:white_wool":11,"minecraft:cobblestone":1303,"born_in_chaos_v1:fused_bone":2,"minecraft:birch_log":16,"born_in_chaos_v1:corpse_maggot":7,"minecraft:feather":3,"minecraft:cooked_beef":5,"born_in_chaos_v1:monster_flesh":1,"minecraft:salmon":1,"minecraft:andesite":50,"minecraft:leather":5,"minecraft:red_mushroom":2,"biomesoplenty:fir_sapling":359,"biomesoplenty:fir_log":1562,"beachparty:palm_log":13,"minecraft:oak_log":15,"minecraft:cobblestone_wall":4,"biomesoplenty:fir_stairs":13,"minecraft:cobblestone_stairs":30,"minecraft:lapis_lazuli":13,"minecraft:dirt":1203,"vanillaplustools:iron_hammer":1,"brewery:hops_seeds":4,"born_in_chaos_v1:monster_skin":2,"minecraft:bone":22,"minecraft:apple":4,"minecraft:wheat_seeds":32,"minecraft:raw_gold":2,"alexsmobs:cockroach_wing_fragment":1,"minecraft:iron_ingot":23,"biomesoplenty:magic_log":26,"minecraft:oak_planks":1,"biomesoplenty:magic_sapling":5,"biomesoplenty:toadstool":4,"minecraft:cooked_porkchop":2,"born_in_chaos_v1:ethereal_spirit":1,"beachparty:palm_sapling":3,"minecraft:dandelion":1,"minecraft:sand":156,"born_in_chaos_v1:dark_rod":2,"biomesoplenty:fir_fence":3,"minecraft:spruce_sapling":20,"minecraft:white_bed":1,"minecraft:spruce_log":41,"minecraft:lily_of_the_valley":2,"minecraft:dark_oak_log":73,"minecraft:mossy_cobblestone":3,"alexsmobs:raw_catfish":3,"waystones:waystone":2,"minecraft:granite":13,"minecraft:oak_sapling":7,"minecraft:coal":62},"minecraft:custom":{"minecraft:mob_kills":83,"minecraft:interact_with_crafting_table":117,"minecraft:open_barrel":3,"minecraft:damage_dealt_resisted":90,"minecraft:leave_game":9,"minecraft:time_since_death":389974,"minecraft:sprint_one_cm":593013,"minecraft:walk_one_cm":1478117,"minecraft:damage_blocked_by_shield":25,"minecraft:drop":30,"minecraft:play_time":389974,"minecraft:sneak_time":49199,"minecraft:walk_under_water_one_cm":14104,"minecraft:jump":3691,"minecraft:walk_on_water_one_cm":10308,"minecraft:total_world_time":389974,"minecraft:interact_with_furnace":52,"minecraft:sleep_in_bed":24,"minecraft:time_since_rest":675,"minecraft:waystone_activated":3,"minecraft:damage_taken":3263,"minecraft:damage_dealt":11815,"minecraft:swim_one_cm":67464,"minecraft:fly_one_cm":633715,"minecraft:open_chest":200,"minecraft:crouch_one_cm":116945,"minecraft:fall_one_cm":108792},"minecraft:used":{"minecraft:iron_shovel":1063,"beachparty:coconut":3,"minecraft:stone_sword":174,"minecraft:stone_shovel":210,"minecraft:chest":26,"minecraft:shield":1,"minecraft:iron_sword":159,"vanillaplustools:stone_hammer":81,"minecraft:cooked_salmon":1,"minecraft:cooked_chicken":1,"minecraft:torch":84,"minecraft:dirt":274,"minecraft:cobblestone_wall":16,"born_in_chaos_v1:corpse_maggot":3,"beachparty:coconut_open":2,"minecraft:lantern":2,"minecraft:iron_axe":254,"minecraft:oak_sapling":1,"minecraft:furnace":6,"biomesoplenty:fir_fence_gate":43,"handcrafted:wolf_trophy":1,"minecraft:cooked_beef":10,"gnumus:grilled_juicy_meat":11,"biomesoplenty:fir_fence":22,"minecraft:cooked_mutton":11,"alexsmobs:cooked_catfish":4,"minecraft:water_bucket":1,"minecraft:cobblestone_stairs":274,"minecraft:stone_pickaxe":98,"minecraft:wooden_pickaxe":12,"biomesoplenty:fir_planks":733,"minecraft:cobblestone_slab":190,"minecraft:mossy_cobblestone":3,"biomesoplenty:fir_slab":17,"minecraft:crafting_table":18,"vanillaplustools:stone_shovel":23,"minecraft:white_bed":2,"minecraft:oak_log":1,"waystones:waystone":2,"sophisticatedbackpacks:backpack":3,"minecraft:apple":3,"born_in_chaos_v1:monster_flesh":1,"minecraft:iron_pickaxe":861,"biomesoplenty:fir_stairs":313,"minecraft:stone_axe":691,"biomesoplenty:fir_door":8,"minecraft:cobblestone":687,"minecraft:cooked_porkchop":8,"minecraft:bucket":1,"minecraft:glass_pane":93,"alexsmobs:animal_dictionary":1,"biomesoplenty:fir_log":925}},"DataVersion":3465}