{"stats":{"minecraft:killed":{"born_in_chaos_v1:zombie_lumberjack":2,"minecraft:spider":4,"born_in_chaos_v1:siamese_skeletonsright":1,"minecraft:skeleton":8,"alexsmobs:banana_slug":4,"minecraft:chicken":1,"gnumus:pitcher_mousse":6,"minecraft:pig":6,"born_in_chaos_v1:diamond_termite":7,"minecraft:salmon":4,"gnumus:big_snout":4,"minecraft:creeper":3,"gnumus:marsupial_mousse":2,"minecraft:sheep":9,"minecraft:pillager":1,"minecraft:zombie":18,"born_in_chaos_v1:dread_hound":3,"alexsmobs:terrapin":3,"born_in_chaos_v1:corpse_fly":1,"born_in_chaos_v1:door_knight":1,"minecraft:cow":12,"born_in_chaos_v1:siamese_skeletonsleft":1,"alexsmobs:tasmanian_devil":2,"born_in_chaos_v1:maggot":9,"gnumus:gnumus_hunter":3,"born_in_chaos_v1:barrel_zombie":1,"born_in_chaos_v1:baby_skeleton":2,"born_in_chaos_v1:decrepit_skeleton":5,"alexsmobs:catfish":4,"alexsmobs:cockroach":1,"born_in_chaos_v1:dark_vortex":1,"born_in_chaos_v1:nightmare_stalker":1,"alexsmobs:crow":1},"minecraft:mined":{"minecraft:white_bed":1,"minecraft:oak_sapling":1,"minecraft:cobblestone_stairs":32,"minecraft:granite":13,"biomesoplenty:fir_slab":3,"minecraft:grass_block":1009,"biomesoplenty:stripped_fir_log":2,"minecraft:tall_seagrass":4,"minecraft:iron_ore":31,"biomesoplenty:violet":1,"minecraft:pumpkin":30,"minecraft:deepslate_lapis_ore":2,"bakery:strawberry_taiga":1,"minecraft:water_cauldron":1,"minecraft:deepslate_redstone_ore":7,"minecraft:brown_mushroom":3,"brewery:wild_hops":2,"born_in_chaos_v1:infected_deepslate_diamond_ore":2,"minecraft:poppy":1,"minecraft:chest":11,"minecraft:cobblestone":268,"minecraft:sugar_cane":6,"minecraft:wall_torch":2,"minecraft:seagrass":1,"handcrafted:bear_trophy":1,"mcwfurnitures:dark_oak_modern_desk":1,"born_in_chaos_v1:river_mint":1,"biomesoplenty:fir_log":93,"minecraft:grass":121,"minecraft:oak_log":6,"minecraft:sand":132,"minecraft:dirt":199,"minecraft:oak_leaves":9,"minecraft:deepslate":95,"biomesoplenty:reed":2,"minecraft:mossy_cobblestone":3,"minecraft:dark_oak_leaves":5,"minecraft:deepslate_diamond_ore":2,"born_in_chaos_v1:infected_diamond_ore":2,"handcrafted:wood_cup":1,"biomesoplenty:bush":3,"minecraft:allium":1,"born_in_chaos_v1:black_argillite":1,"minecraft:spruce_leaves":6,"minecraft:red_mushroom":2,"minecraft:large_fern":2,"minecraft:furnace":6,"minecraft:andesite":55,"treechop:chopped_log":47,"biomesoplenty:sea_oats":14,"biomesoplenty:fir_door":2,"minecraft:potatoes":14,"minecraft:cobblestone_slab":8,"minecraft:deepslate_iron_ore":18,"biomesoplenty:fir_stairs":13,"biomesoplenty:barley":11,"minecraft:stone":1049,"minecraft:glass_pane":11,"minecraft:lily_of_the_valley":2,"minecraft:stripped_dark_oak_log":3,"minecraft:dandelion":1,"minecraft:crafting_table":16,"minecraft:cornflower":2,"biomesoplenty:fir_planks":110,"minecraft:tall_grass":1,"biomesoplenty:high_grass_plant":1,"minecraft:copper_ore":5,"biomesoplenty:sprout":11,"minecraft:deepslate_gold_ore":1,"minecraft:diorite":22,"biomesoplenty:fir_fence_gate":2,"minecraft:cobblestone_wall":4,"biomesoplenty:fir_fence":3,"minecraft:sweet_berry_bush":6,"minecraft:coal_ore":92,"biomesoplenty:fir_leaves":12,"beachparty:coconut_block":1,"minecraft:gold_ore":1,"minecraft:fern":47},"minecraft:custom":{"minecraft:interact_with_crafting_table":141,"minecraft:open_barrel":3,"minecraft:leave_game":12,"minecraft:time_since_death":473026,"minecraft:sprint_one_cm":802802,"minecraft:damage_blocked_by_shield":195,"minecraft:drop":34,"minecraft:play_time":473026,"minecraft:jump":4818,"minecraft:walk_on_water_one_cm":26835,"minecraft:interact_with_furnace":73,"minecraft:sleep_in_bed":31,"minecraft:waystone_activated":3,"minecraft:damage_dealt":19960,"minecraft:crouch_one_cm":117404,"minecraft:mob_kills":134,"minecraft:damage_dealt_resisted":613,"minecraft:climb_one_cm":881,"minecraft:walk_one_cm":1880629,"minecraft:sneak_time":49567,"minecraft:walk_under_water_one_cm":19530,"minecraft:interact_with_blast_furnace":3,"minecraft:total_world_time":473026,"minecraft:time_since_rest":34129,"minecraft:damage_taken":3707,"minecraft:swim_one_cm":118418,"minecraft:fly_one_cm":852155,"minecraft:open_chest":360,"minecraft:fall_one_cm":130552},"minecraft:picked_up":{"gnumus:gnumus_claw":2,"biomesoplenty:orange_autumn_sapling":3,"vinery:cherry_log":6,"born_in_chaos_v1:black_argillite":1,"minecraft:string":13,"minecraft:raw_copper":21,"biomesoplenty:yellow_autumn_sapling":3,"vanillaplustools:stone_shovel":1,"beachparty:coconut_open":2,"minecraft:cobbled_deepslate":94,"biomesoplenty:fir_planks":168,"minecraft:cobblestone_slab":12,"minecraft:furnace":6,"minecraft:stick":293,"minecraft:torch":24,"minecraft:porkchop":11,"minecraft:cherry_log":5,"minecraft:diorite":22,"born_in_chaos_v1:nightmare_claw":1,"minecraft:cauldron":1,"biomesoplenty:fir_fence_gate":2,"minecraft:stone_sword":1,"minecraft:rotten_flesh":32,"mcwfurnitures:dark_oak_modern_desk":1,"biomesoplenty:fir_slab":3,"minecraft:cod":3,"minecraft:cobblestone":1866,"minecraft:nautilus_shell":1,"minecraft:birch_log":21,"minecraft:feather":3,"minecraft:cooked_beef":5,"minecraft:andesite":150,"minecraft:jungle_log":4,"minecraft:potato":53,"biomesoplenty:fir_sapling":380,"biomesoplenty:fir_log":1652,"beachparty:palm_log":13,"biomesoplenty:fir_stairs":13,"minecraft:lapis_lazuli":13,"minecraft:dirt":1217,"gnumus:gnumus_pouch_2":1,"brewery:hops_seeds":4,"born_in_chaos_v1:monster_skin":2,"minecraft:bone":36,"minecraft:bow":1,"minecraft:wheat_seeds":37,"minecraft:raw_gold":2,"minecraft:oak_planks":1,"biomesoplenty:magic_sapling":5,"biomesoplenty:toadstool":4,"minecraft:cooked_porkchop":2,"handcrafted:wood_cup":1,"minecraft:sand":156,"biomesoplenty:fir_fence":3,"minecraft:lily_of_the_valley":2,"minecraft:dark_oak_log":79,"minecraft:mossy_cobblestone":3,"minecraft:diamond":3,"gnumus:gnumus_clay":6,"waystones:waystone":2,"minecraft:granite":13,"alexsmobs:banana_slug_slime":7,"minecraft:oak_sapling":7,"born_in_chaos_v1:diamond_termite_shard":6,"minecraft:crafting_table":16,"minecraft:allium":1,"minecraft:chicken":1,"born_in_chaos_v1:river_mint":1,"born_in_chaos_v1:seedof_chaos":1,"minecraft:brown_mushroom":3,"beachparty:coconut":3,"minecraft:cornflower":2,"biomesoplenty:fir_door":2,"born_in_chaos_v1:intoxicating_decoction":1,"vinery:cherry_sapling":2,"minecraft:beef":21,"born_in_chaos_v1:gnawed_bones":1,"minecraft:light_gray_wool":1,"minecraft:sugar_cane":17,"minecraft:chest":11,"minecraft:birch_sapling":5,"minecraft:dark_oak_sapling":9,"minecraft:raw_iron":49,"gnumus:juicy_meat":14,"sophisticatedbackpacks:backpack":1,"born_in_chaos_v1:pieceofdarkmetal":3,"minecraft:carrot":1,"minecraft:redstone":32,"minecraft:arrow":8,"gnumus:mouse_skin":7,"minecraft:mutton":18,"minecraft:white_wool":13,"born_in_chaos_v1:fused_bone":2,"born_in_chaos_v1:corpse_maggot":8,"born_in_chaos_v1:monster_flesh":2,"minecraft:salmon":4,"minecraft:leather":8,"minecraft:red_mushroom":2,"minecraft:oak_log":15,"minecraft:gunpowder":2,"minecraft:cobblestone_wall":4,"minecraft:cobblestone_stairs":30,"vanillaplustools:iron_hammer":1,"minecraft:apple":4,"alexsmobs:cockroach_wing_fragment":1,"minecraft:iron_ingot":24,"biomesoplenty:magic_log":26,"minecraft:pumpkin":30,"minecraft:sweet_berries":16,"minecraft:dandelion":1,"beachparty:palm_sapling":3,"born_in_chaos_v1:ethereal_spirit":1,"born_in_chaos_v1:dark_rod":2,"minecraft:spruce_sapling":20,"minecraft:white_bed":1,"minecraft:spruce_log":42,"handcrafted:bear_trophy":1,"alexsmobs:raw_catfish":11,"minecraft:gray_wool":1,"minecraft:stripped_dark_oak_log":3,"minecraft:coal":97},"minecraft:broken":{"minecraft:iron_shovel":4,"minecraft:stone_axe":5,"minecraft:iron_sword":1,"minecraft:stone_shovel":1,"minecraft:iron_axe":1,"minecraft:iron_pickaxe":3},"minecraft:crafted":{"gnumus:grilled_juicy_meat":11,"minecraft:oak_planks":40,"minecraft:cobblestone_slab":180,"minecraft:dark_oak_wood":6,"mcwfurnitures:dark_oak_modern_desk":2,"minecraft:cooked_chicken":1,"minecraft:cobblestone_stairs":244,"minecraft:cooked_mutton":15,"minecraft:glass":40,"minecraft:bow":1,"minecraft:iron_boots":1,"cfm:white_sofa":2,"biomesoplenty:fir_slab":30,"minecraft:chest":21,"alexsmobs:cooked_catfish":5,"handcrafted:wood_cup":3,"minecraft:item_frame":7,"sophisticatedbackpacks:backpack":1,"minecraft:cooked_porkchop":13,"minecraft:crafting_table":8,"farmersdelight:iron_knife":1,"minecraft:iron_helmet":1,"minecraft:wooden_pickaxe":1,"biomesoplenty:fir_planks":1452,"minecraft:dark_oak_slab":6,"minecraft:iron_chestplate":1,"minecraft:charcoal":4,"minecraft:shield":1,"minecraft:stick":104,"minecraft:iron_ingot":48,"minecraft:iron_pickaxe":8,"minecraft:stone_sword":1,"minecraft:shears":1,"handcrafted:bear_trophy":1,"biomesoplenty:fir_door":6,"handcrafted:wolf_trophy":1,"biomesoplenty:fir_stairs":308,"minecraft:stone_shovel":2,"vanillaplustools:stone_hammer":1,"minecraft:iron_nugget":18,"minecraft:furnace":4,"minecraft:bone_meal":39,"minecraft:glass_pane":96,"minecraft:lantern":2,"minecraft:dark_oak_fence":3,"cfm:dark_oak_table":4,"minecraft:iron_axe":1,"minecraft:iron_hoe":1,"minecraft:stone_pickaxe":10,"minecraft:cobblestone_wall":18,"minecraft:dark_oak_planks":80,"minecraft:cooked_beef":15,"minecraft:iron_sword":2,"minecraft:cooked_salmon":6,"minecraft:bucket":1,"minecraft:stone_axe":6,"minecraft:air":0,"biomesoplenty:fir_fence":30,"minecraft:iron_shovel":5,"minecraft:iron_leggings":1,"minecraft:white_bed":1,"minecraft:torch":144,"beautify:dark_oak_picture_frame":1,"biomesoplenty:fir_fence_gate":46},"minecraft:dropped":{"biomesoplenty:fir_log":1,"minecraft:brown_mushroom":1,"minecraft:oak_log":4,"minecraft:crafting_table":1,"minecraft:cooked_porkchop":2,"minecraft:dirt":47,"minecraft:bone":11,"minecraft:rotten_flesh":2,"minecraft:oak_planks":1,"born_in_chaos_v1:seedof_chaos":1,"minecraft:melon_seeds":1,"born_in_chaos_v1:corpse_maggot":1,"minecraft:wheat_seeds":3,"minecraft:feather":3,"minecraft:cobblestone":1,"minecraft:apple":1,"minecraft:stick":2,"born_in_chaos_v1:gnawed_bones":1,"minecraft:gray_wool":1,"born_in_chaos_v1:river_mint":1,"minecraft:string":4,"minecraft:spruce_sapling":9,"beachparty:palm_sapling":3,"minecraft:stone_sword":1,"minecraft:raw_iron":1,"biomesoplenty:fir_planks":57,"minecraft:allium":1,"minecraft:oak_sapling":6},"minecraft:used":{"minecraft:iron_shovel":1079,"minecraft:chest":30,"minecraft:shield":7,"minecraft:iron_sword":364,"handcrafted:wood_cup":3,"minecraft:milk_bucket":1,"born_in_chaos_v1:corpse_maggot":3,"handcrafted:bear_trophy":2,"minecraft:lantern":2,"minecraft:item_frame":7,"minecraft:furnace":8,"minecraft:oak_sapling":1,"biomesoplenty:fir_fence_gate":43,"handcrafted:wolf_trophy":1,"minecraft:potato":61,"gnumus:grilled_juicy_meat":11,"biomesoplenty:fir_fence":22,"minecraft:stone_pickaxe":98,"minecraft:wooden_pickaxe":12,"biomesoplenty:fir_planks":733,"mcwfurnitures:dark_oak_modern_desk":3,"waystones:waystone":2,"sophisticatedbackpacks:backpack":3,"minecraft:dark_oak_log":3,"born_in_chaos_v1:monster_flesh":1,"biomesoplenty:fir_stairs":313,"minecraft:bone_meal":39,"beachparty:coconut":3,"minecraft:stone_sword":174,"minecraft:stone_shovel":210,"vanillaplustools:stone_hammer":81,"minecraft:cooked_salmon":4,"minecraft:cooked_chicken":1,"minecraft:torch":86,"minecraft:dirt":424,"minecraft:cobblestone_wall":16,"minecraft:iron_hoe":92,"beachparty:coconut_open":2,"minecraft:iron_axe":254,"beautify:dark_oak_picture_frame":1,"cfm:dark_oak_table":4,"minecraft:cooked_beef":14,"minecraft:cooked_mutton":11,"farmersdelight:iron_knife":4,"alexsmobs:cooked_catfish":5,"minecraft:water_bucket":2,"minecraft:cobblestone_stairs":274,"minecraft:cobblestone_slab":190,"minecraft:mossy_cobblestone":3,"biomesoplenty:fir_slab":25,"minecraft:crafting_table":22,"vanillaplustools:stone_shovel":23,"minecraft:white_bed":2,"minecraft:oak_log":1,"minecraft:apple":3,"cfm:white_sofa":2,"minecraft:iron_pickaxe":915,"minecraft:stone_axe":795,"minecraft:cobblestone":692,"biomesoplenty:fir_door":8,"minecraft:cooked_porkchop":13,"minecraft:bucket":4,"minecraft:glass_pane":93,"alexsmobs:animal_dictionary":2,"biomesoplenty:fir_log":925}},"DataVersion":3465}