{"stats":{"minecraft:killed":{"minecraft:spider":1,"born_in_chaos_v1:siamese_skeletonsright":1,"born_in_chaos_v1:maggot":2,"minecraft:skeleton":2,"minecraft:chicken":1,"gnumus:pitcher_mousse":6,"gnumus:gnumus_hunter":2,"minecraft:pig":5,"born_in_chaos_v1:diamond_termite":7,"born_in_chaos_v1:baby_skeleton":2,"gnumus:big_snout":3,"minecraft:creeper":1,"gnumus:marsupial_mousse":2,"born_in_chaos_v1:decrepit_skeleton":4,"minecraft:sheep":6,"minecraft:pillager":1,"minecraft:zombie":5,"born_in_chaos_v1:dread_hound":1,"born_in_chaos_v1:dark_vortex":1,"born_in_chaos_v1:nightmare_stalker":1,"alexsmobs:crow":1,"born_in_chaos_v1:siamese_skeletonsleft":1,"minecraft:cow":7},"minecraft:mined":{"minecraft:oak_sapling":1,"minecraft:mossy_cobblestone":3,"minecraft:dark_oak_leaves":5,"born_in_chaos_v1:infected_diamond_ore":2,"minecraft:granite":13,"biomesoplenty:fir_slab":3,"biomesoplenty:bush":2,"minecraft:allium":1,"minecraft:grass_block":1001,"born_in_chaos_v1:black_argillite":1,"minecraft:spruce_leaves":2,"minecraft:furnace":5,"minecraft:iron_ore":31,"minecraft:andesite":47,"treechop:chopped_log":36,"minecraft:deepslate_lapis_ore":2,"biomesoplenty:sea_oats":1,"biomesoplenty:fir_stairs":4,"minecraft:deepslate_iron_ore":18,"minecraft:water_cauldron":1,"biomesoplenty:barley":2,"minecraft:stone":778,"minecraft:deepslate_redstone_ore":7,"minecraft:brown_mushroom":1,"brewery:wild_hops":2,"minecraft:lily_of_the_valley":2,"minecraft:dandelion":1,"minecraft:crafting_table":8,"born_in_chaos_v1:infected_deepslate_diamond_ore":2,"biomesoplenty:fir_planks":87,"minecraft:poppy":1,"biomesoplenty:high_grass_plant":1,"minecraft:copper_ore":5,"minecraft:cobblestone":193,"biomesoplenty:sprout":11,"minecraft:deepslate_gold_ore":1,"minecraft:sugar_cane":6,"minecraft:diorite":22,"minecraft:wall_torch":1,"minecraft:cobblestone_wall":4,"born_in_chaos_v1:river_mint":1,"biomesoplenty:fir_log":85,"minecraft:grass":88,"minecraft:oak_log":6,"minecraft:coal_ore":57,"biomesoplenty:fir_leaves":6,"beachparty:coconut_block":1,"minecraft:dirt":188,"minecraft:gold_ore":1,"minecraft:oak_leaves":8,"minecraft:deepslate":91,"minecraft:fern":35},"minecraft:custom":{"minecraft:mob_kills":65,"minecraft:interact_with_crafting_table":60,"minecraft:open_barrel":3,"minecraft:damage_dealt_resisted":90,"minecraft:leave_game":7,"minecraft:time_since_death":261500,"minecraft:sprint_one_cm":377693,"minecraft:walk_one_cm":936013,"minecraft:damage_blocked_by_shield":25,"minecraft:drop":28,"minecraft:play_time":261500,"minecraft:sneak_time":23690,"minecraft:walk_under_water_one_cm":8259,"minecraft:jump":2952,"minecraft:walk_on_water_one_cm":6358,"minecraft:total_world_time":261500,"minecraft:interact_with_furnace":39,"minecraft:sleep_in_bed":18,"minecraft:time_since_rest":594,"minecraft:waystone_activated":3,"minecraft:damage_taken":2335,"minecraft:damage_dealt":9593,"minecraft:swim_one_cm":44335,"minecraft:fly_one_cm":535701,"minecraft:open_chest":82,"minecraft:crouch_one_cm":31989,"minecraft:fall_one_cm":80385},"minecraft:picked_up":{"born_in_chaos_v1:diamond_termite_shard":6,"minecraft:crafting_table":8,"minecraft:allium":1,"minecraft:chicken":1,"born_in_chaos_v1:river_mint":1,"born_in_chaos_v1:seedof_chaos":1,"gnumus:gnumus_claw":2,"minecraft:brown_mushroom":1,"beachparty:coconut":3,"born_in_chaos_v1:black_argillite":1,"minecraft:string":9,"minecraft:raw_copper":20,"born_in_chaos_v1:intoxicating_decoction":1,"vanillaplustools:stone_shovel":1,"beachparty:coconut_open":2,"minecraft:cobbled_deepslate":90,"biomesoplenty:fir_planks":147,"minecraft:beef":11,"born_in_chaos_v1:gnawed_bones":1,"minecraft:light_gray_wool":1,"minecraft:sugar_cane":17,"minecraft:birch_sapling":5,"minecraft:furnace":5,"minecraft:dark_oak_sapling":9,"minecraft:stick":229,"minecraft:raw_iron":49,"gnumus:juicy_meat":11,"minecraft:torch":2,"minecraft:porkchop":8,"minecraft:diorite":22,"born_in_chaos_v1:nightmare_claw":1,"born_in_chaos_v1:pieceofdarkmetal":3,"minecraft:redstone":32,"minecraft:cauldron":1,"minecraft:stone_sword":1,"minecraft:arrow":2,"minecraft:rotten_flesh":10,"biomesoplenty:fir_slab":3,"gnumus:mouse_skin":3,"minecraft:mutton":11,"minecraft:white_wool":11,"minecraft:cobblestone":964,"born_in_chaos_v1:fused_bone":2,"minecraft:birch_log":16,"born_in_chaos_v1:corpse_maggot":2,"minecraft:feather":3,"minecraft:cooked_beef":5,"minecraft:andesite":47,"minecraft:leather":5,"biomesoplenty:fir_sapling":283,"biomesoplenty:fir_log":1247,"beachparty:palm_log":13,"minecraft:oak_log":15,"minecraft:cobblestone_wall":4,"biomesoplenty:fir_stairs":4,"minecraft:lapis_lazuli":13,"minecraft:dirt":1202,"vanillaplustools:iron_hammer":1,"brewery:hops_seeds":4,"born_in_chaos_v1:monster_skin":1,"minecraft:bone":19,"minecraft:apple":4,"minecraft:wheat_seeds":31,"minecraft:raw_gold":2,"minecraft:iron_ingot":23,"biomesoplenty:magic_log":26,"minecraft:oak_planks":1,"biomesoplenty:magic_sapling":5,"biomesoplenty:toadstool":4,"minecraft:cooked_porkchop":2,"born_in_chaos_v1:ethereal_spirit":1,"beachparty:palm_sapling":3,"minecraft:dandelion":1,"born_in_chaos_v1:dark_rod":2,"minecraft:spruce_sapling":20,"minecraft:spruce_log":41,"minecraft:lily_of_the_valley":2,"minecraft:dark_oak_log":73,"minecraft:mossy_cobblestone":3,"waystones:waystone":2,"minecraft:granite":13,"minecraft:oak_sapling":7,"minecraft:coal":62},"minecraft:broken":{"minecraft:iron_shovel":3,"minecraft:stone_axe":4,"minecraft:iron_pickaxe":2,"minecraft:stone_shovel":1},"minecraft:crafted":{"biomesoplenty:fir_stairs":28,"minecraft:cobblestone_slab":6,"gnumus:grilled_juicy_meat":11,"minecraft:oak_planks":40,"minecraft:stone_shovel":2,"vanillaplustools:stone_hammer":1,"minecraft:cooked_chicken":1,"minecraft:furnace":2,"minecraft:cobblestone_stairs":8,"minecraft:cooked_mutton":11,"minecraft:iron_boots":1,"minecraft:iron_axe":1,"biomesoplenty:fir_slab":18,"minecraft:stone_pickaxe":10,"minecraft:cobblestone_wall":18,"minecraft:chest":6,"minecraft:dark_oak_planks":24,"minecraft:cooked_beef":5,"sophisticatedbackpacks:backpack":1,"minecraft:cooked_porkchop":8,"minecraft:crafting_table":3,"minecraft:iron_helmet":1,"minecraft:wooden_pickaxe":1,"minecraft:iron_sword":1,"minecraft:stone_axe":4,"minecraft:air":0,"biomesoplenty:fir_planks":404,"minecraft:iron_chestplate":1,"minecraft:shield":1,"minecraft:stick":16,"minecraft:iron_ingot":48,"minecraft:iron_pickaxe":8,"minecraft:stone_sword":1,"minecraft:iron_shovel":4,"minecraft:iron_leggings":1,"minecraft:white_bed":1,"minecraft:torch":36,"minecraft:shears":1,"biomesoplenty:fir_door":6},"minecraft:dropped":{"biomesoplenty:fir_log":1,"minecraft:wheat_seeds":1,"minecraft:oak_log":4,"minecraft:crafting_table":1,"minecraft:cooked_porkchop":2,"minecraft:feather":3,"minecraft:apple":1,"minecraft:stick":2,"minecraft:dirt":47,"born_in_chaos_v1:gnawed_bones":1,"born_in_chaos_v1:river_mint":1,"minecraft:string":4,"minecraft:spruce_sapling":9,"minecraft:bone":11,"beachparty:palm_sapling":3,"minecraft:stone_sword":1,"minecraft:raw_iron":1,"minecraft:rotten_flesh":2,"minecraft:oak_planks":1,"born_in_chaos_v1:seedof_chaos":1,"biomesoplenty:fir_planks":57,"minecraft:allium":1,"born_in_chaos_v1:corpse_maggot":1,"minecraft:oak_sapling":6},"minecraft:used":{"beachparty:coconut":3,"minecraft:stone_sword":174,"minecraft:iron_shovel":976,"minecraft:stone_shovel":210,"minecraft:chest":5,"minecraft:shield":1,"minecraft:iron_sword":83,"vanillaplustools:stone_hammer":50,"minecraft:cooked_chicken":1,"minecraft:torch":26,"minecraft:dirt":271,"minecraft:cobblestone_wall":16,"beachparty:coconut_open":2,"minecraft:iron_axe":168,"minecraft:oak_sapling":1,"minecraft:furnace":6,"minecraft:cooked_beef":10,"gnumus:grilled_juicy_meat":4,"minecraft:cooked_mutton":11,"minecraft:water_bucket":1,"minecraft:cobblestone_stairs":2,"minecraft:stone_pickaxe":98,"minecraft:wooden_pickaxe":12,"biomesoplenty:fir_planks":283,"minecraft:cobblestone_slab":2,"minecraft:mossy_cobblestone":3,"biomesoplenty:fir_slab":17,"minecraft:crafting_table":10,"vanillaplustools:stone_shovel":6,"minecraft:white_bed":1,"minecraft:oak_log":1,"waystones:waystone":2,"sophisticatedbackpacks:backpack":3,"minecraft:apple":2,"minecraft:iron_pickaxe":743,"biomesoplenty:fir_stairs":24,"minecraft:stone_axe":554,"biomesoplenty:fir_door":6,"minecraft:cobblestone":626,"minecraft:cooked_porkchop":8,"minecraft:bucket":1,"alexsmobs:animal_dictionary":1,"biomesoplenty:fir_log":482}},"DataVersion":3465}