{"stats":{"minecraft:custom":{"minecraft:interact_with_furnace":6,"minecraft:mob_kills":11,"minecraft:interact_with_crafting_table":10,"minecraft:leave_game":2,"minecraft:time_since_death":30570,"minecraft:time_since_rest":30570,"minecraft:sprint_one_cm":36523,"minecraft:damage_taken":160,"minecraft:walk_one_cm":98205,"minecraft:damage_dealt":1738,"minecraft:swim_one_cm":8032,"minecraft:fly_one_cm":51199,"minecraft:open_chest":2,"minecraft:crouch_one_cm":484,"minecraft:play_time":30570,"minecraft:sneak_time":138,"minecraft:walk_under_water_one_cm":145,"minecraft:jump":346,"minecraft:walk_on_water_one_cm":852,"minecraft:total_world_time":30570,"minecraft:fall_one_cm":9206},"minecraft:killed":{"born_in_chaos_v1:baby_skeleton":1,"gnumus:big_snout":1,"born_in_chaos_v1:decrepit_skeleton":1,"born_in_chaos_v1:maggot":2,"minecraft:zombie":3,"minecraft:chicken":1,"minecraft:cow":2},"minecraft:used":{"beachparty:coconut":3,"minecraft:stone_sword":51,"minecraft:stone_shovel":75,"minecraft:stone_pickaxe":58,"minecraft:chest":1,"minecraft:wooden_pickaxe":12,"minecraft:mossy_cobblestone":3,"minecraft:dirt":49,"minecraft:crafting_table":4,"beachparty:coconut_open":2,"minecraft:stone_axe":64,"minecraft:oak_sapling":1,"minecraft:furnace":2,"alexsmobs:animal_dictionary":1,"gnumus:grilled_juicy_meat":1},"minecraft:mined":{"minecraft:oak_sapling":1,"minecraft:brown_mushroom":1,"brewery:wild_hops":2,"minecraft:mossy_cobblestone":3,"minecraft:dark_oak_leaves":5,"minecraft:lily_of_the_valley":2,"minecraft:dandelion":1,"minecraft:crafting_table":3,"minecraft:grass_block":75,"minecraft:poppy":1,"minecraft:copper_ore":3,"minecraft:spruce_leaves":2,"biomesoplenty:sprout":8,"minecraft:sugar_cane":4,"minecraft:furnace":1,"born_in_chaos_v1:river_mint":1,"treechop:chopped_log":6,"minecraft:grass":7,"minecraft:oak_log":2,"minecraft:coal_ore":8,"beachparty:coconut_block":1,"minecraft:dirt":8,"minecraft:stone":50,"minecraft:oak_leaves":3},"minecraft:picked_up":{"born_in_chaos_v1:corpse_maggot":1,"minecraft:crafting_table":3,"minecraft:feather":2,"minecraft:chicken":1,"born_in_chaos_v1:river_mint":1,"minecraft:leather":2,"minecraft:brown_mushroom":1,"beachparty:palm_log":13,"minecraft:oak_log":7,"beachparty:coconut":3,"minecraft:dirt":82,"minecraft:raw_copper":13,"brewery:hops_seeds":4,"minecraft:bone":3,"minecraft:apple":2,"beachparty:coconut_open":2,"minecraft:wheat_seeds":1,"minecraft:beef":2,"minecraft:sugar_cane":13,"minecraft:furnace":1,"minecraft:dark_oak_sapling":9,"minecraft:stick":9,"gnumus:juicy_meat":3,"minecraft:dandelion":1,"beachparty:palm_sapling":3,"minecraft:spruce_sapling":6,"minecraft:spruce_log":21,"minecraft:lily_of_the_valley":2,"minecraft:dark_oak_log":24,"minecraft:mossy_cobblestone":3,"minecraft:rotten_flesh":4,"minecraft:oak_sapling":7,"minecraft:coal":8,"minecraft:cobblestone":50},"minecraft:crafted":{"minecraft:oak_planks":8,"gnumus:grilled_juicy_meat":1,"minecraft:stone_shovel":1,"minecraft:crafting_table":1,"minecraft:wooden_pickaxe":1,"minecraft:furnace":1,"minecraft:stone_axe":1,"minecraft:stick":8,"minecraft:stone_pickaxe":1,"minecraft:stone_sword":1,"minecraft:chest":1,"minecraft:dark_oak_planks":24}},"DataVersion":3465}