{"stats":{"minecraft:dropped":{"minecraft:iron_sword":2,"minecraft:oak_log":2,"gnumus:overripe_carrot":3,"minecraft:dark_oak_sapling":1,"born_in_chaos_v1:pieceofdarkmetal":8,"born_in_chaos_v1:nightmare_claw":1,"minecraft:cod":9,"biomesoplenty:fir_sapling":11,"minecraft:flint":2,"minecraft:gold_block":1,"minecraft:dirt":105,"minecraft:dark_oak_log":3,"gnumus:gnumus_claw":1,"gravestone:obituary":45,"minecraft:gold_nugget":1,"minecraft:sunflower":4,"minecraft:iron_pickaxe":1,"vanillaplustools:iron_hammer":1,"minecraft:birch_log":1,"minecraft:bone":12,"minecraft:gravel":25,"minecraft:stone_axe":1,"vanillaplustools:stone_shovel":1,"minecraft:iron_nugget":3,"beachparty:coconut":2,"minecraft:rotten_flesh":8,"minecraft:oak_planks":60,"minecraft:salmon":1,"minecraft:carrot":2,"minecraft:poppy":1,"minecraft:gunpowder":4,"beautify:oak_trellis":4,"minecraft:jungle_log":3,"born_in_chaos_v1:corpse_maggot":3,"minecraft:chest":9,"minecraft:arrow":5,"minecraft:netherrack":1,"minecraft:iron_ingot":20,"minecraft:bread":8,"born_in_chaos_v1:intoxicating_decoction":1,"minecraft:wheat_seeds":74,"minecraft:lilac":12,"minecraft:feather":2,"minecraft:cobblestone":123,"minecraft:granite":46,"minecraft:acacia_log":2,"biomesoplenty:fir_slab":3,"minecraft:stick":31,"minecraft:iron_block":3,"minecraft:diorite":14,"minecraft:wooden_axe":1,"minecraft:rose_bush":4,"born_in_chaos_v1:fused_bone":2,"minecraft:potion":1,"minecraft:spruce_sapling":6,"minecraft:smooth_basalt":11,"minecraft:deepslate":2,"minecraft:tuff":16,"sophisticatedbackpacks:backpack":2,"brewery:sausage":6,"minecraft:allium":28,"farmersdelight:fried_egg":1,"minecraft:andesite":9,"minecraft:oak_sapling":23,"brewery:hops_seeds":22,"minecraft:brown_carpet":2,"minecraft:stone_pickaxe":2,"minecraft:wooden_pickaxe":2},"minecraft:killed_by":{"born_in_chaos_v1:nightmare_stalker":7,"born_in_chaos_v1:mr_pumpkin":2,"minecraft:creeper":1,"born_in_chaos_v1:zombie_bruiser":2,"born_in_chaos_v1:corpse_fly":2,"born_in_chaos_v1:pumpkinhead":3,"minecraft:zombie":2,"alexsmobs:grizzly_bear":1,"born_in_chaos_v1:scarlet_persecutor":3,"born_in_chaos_v1:dire_hound_leader":1,"born_in_chaos_v1:felsteed":1,"minecraft:player":1,"minecraft:spider":1,"born_in_chaos_v1:dark_vortex":1,"born_in_chaos_v1:zombie_clown":1,"born_in_chaos_v1:fallen_chaos_knight":1,"born_in_chaos_v1:decaying_zombie":1,"born_in_chaos_v1:sir_pumpkinhead":1,"minecraft:skeleton":3,"minecraft:phantom":2,"born_in_chaos_v1:dread_hound":3},"minecraft:broken":{"minecraft:iron_shovel":5,"minecraft:iron_boots":1,"minecraft:iron_chestplate":1,"minecraft:iron_leggings":1,"minecraft:iron_sword":1,"minecraft:stone_shovel":2,"minecraft:stone_hoe":1,"minecraft:golden_axe":1,"vanillaplustools:stone_hammer":1,"minecraft:iron_axe":4,"minecraft:iron_pickaxe":8,"minecraft:iron_helmet":1,"minecraft:golden_pickaxe":1,"minecraft:wooden_hoe":1},"minecraft:custom":{"minecraft:animals_bred":3,"minecraft:interact_with_crafting_table":146,"minecraft:open_barrel":3,"minecraft:leave_game":20,"minecraft:time_since_death":124961,"minecraft:sprint_one_cm":2215212,"minecraft:damage_blocked_by_shield":130,"minecraft:drop":201,"minecraft:talked_to_villager":1,"minecraft:play_time":728274,"minecraft:deaths":46,"minecraft:jump":9583,"minecraft:walk_on_water_one_cm":62290,"minecraft:interact_with_furnace":176,"minecraft:sleep_in_bed":17,"minecraft:waystone_activated":1,"minecraft:damage_dealt":38909,"minecraft:crouch_one_cm":187162,"minecraft:mob_kills":200,"minecraft:damage_dealt_resisted":1409,"minecraft:climb_one_cm":15774,"minecraft:walk_one_cm":3344610,"minecraft:sneak_time":51898,"minecraft:walk_under_water_one_cm":32528,"minecraft:total_world_time":728274,"minecraft:time_since_rest":61374,"minecraft:damage_taken":14979,"minecraft:swim_one_cm":149604,"minecraft:fly_one_cm":1900353,"minecraft:open_chest":325,"minecraft:fish_caught":19,"minecraft:fall_one_cm":190253},"minecraft:used":{"minecraft:iron_shovel":1366,"minecraft:ladder":3,"minecraft:poppy":1,"minecraft:chest":51,"minecraft:shield":2,"minecraft:iron_sword":496,"minecraft:rotten_flesh":3,"brewery:fried_chicken":1,"brewery:sausage":5,"minecraft:allium":1,"minecraft:tuff":2,"minecraft:glass":6,"born_in_chaos_v1:corpse_maggot":7,"born_in_chaos_v1:gnawed_bones":2,"minecraft:golden_sword":30,"minecraft:oak_sapling":3,"minecraft:furnace":43,"minecraft:potato":326,"gnumus:grilled_juicy_meat":12,"beachparty:cooked_mussel_meat":5,"minecraft:spruce_door":1,"minecraft:stone_pickaxe":165,"minecraft:oak_planks":59,"minecraft:wooden_pickaxe":8,"biomesoplenty:fir_planks":597,"minecraft:white_wool":1,"beautify:spruce_trellis":300,"minecraft:sand":1,"born_in_chaos_v1:holiday_candy":2,"biomesoplenty:umbran_door":2,"minecraft:cobbled_deepslate_stairs":40,"biomesoplenty:umbran_planks":3,"sophisticatedbackpacks:backpack":2,"born_in_chaos_v1:monster_flesh":5,"gnumus:gnumus_chickpeas":3,"minecraft:bread":15,"minecraft:bone_meal":36,"minecraft:golden_pickaxe":32,"brewery:pork_knuckle":9,"minecraft:oak_fence":1,"beachparty:coconut":5,"minecraft:stone_sword":33,"born_in_chaos_v1:ethereal_spirit":4,"minecraft:stone_shovel":346,"minecraft:spruce_planks":136,"vanillaplustools:stone_hammer":132,"minecraft:stone_hoe":225,"minecraft:torch":122,"minecraft:dirt":1177,"minecraft:granite":1,"minecraft:spruce_fence":19,"beautify:oak_trellis":5,"minecraft:wooden_axe":20,"alexsmobs:maggot":5,"beachparty:coconut_open":3,"minecraft:iron_axe":761,"biomesoplenty:umbran_sapling":1,"minecraft:cobbled_deepslate":84,"farmersdelight:fried_egg":3,"minecraft:golden_axe":36,"minecraft:cooked_mutton":5,"minecraft:wheat_seeds":167,"minecraft:water_bucket":103,"minecraft:cobblestone_stairs":93,"minecraft:baked_potato":18,"minecraft:spruce_fence_gate":16,"minecraft:cobblestone_slab":104,"biomesoplenty:fir_slab":601,"vanillaplustools:stone_shovel":121,"minecraft:crafting_table":26,"minecraft:white_bed":6,"minecraft:spruce_log":4,"biomesoplenty:magic_sapling":1,"minecraft:wooden_hoe":64,"minecraft:diamond_pickaxe":1153,"minecraft:apple":2,"minecraft:iron_pickaxe":2001,"minecraft:stone_axe":146,"minecraft:fishing_rod":27,"minecraft:cobblestone":1127,"vanillaplustools:iron_hammer":240,"minecraft:porkchop":3,"minecraft:bucket":103,"minecraft:glass_pane":127,"biomesoplenty:fir_log":131},"minecraft:killed":{"born_in_chaos_v1:zombie_clown":2,"born_in_chaos_v1:mr_pumpkin":23,"born_in_chaos_v1:restless_spirit":4,"born_in_chaos_v1:zombie_lumberjack":9,"born_in_chaos_v1:sir_the_headless":1,"minecraft:spider":2,"born_in_chaos_v1:siamese_skeletonsright":2,"born_in_chaos_v1:scarlet_persecutor":1,"minecraft:skeleton":12,"minecraft:bee":1,"minecraft:chicken":3,"gnumus:pitcher_mousse":3,"minecraft:pig":6,"minecraft:zombie_villager":5,"gnumus:big_snout":3,"minecraft:creeper":1,"gnumus:marsupial_mousse":1,"minecraft:sheep":4,"minecraft:trader_llama":4,"minecraft:zombie":21,"born_in_chaos_v1:dread_hound":6,"born_in_chaos_v1:corpse_fly":11,"alexsmobs:fly":7,"born_in_chaos_v1:door_knight":2,"born_in_chaos_v1:siamese_skeletonsleft":2,"minecraft:cow":4,"born_in_chaos_v1:zombie_bruiser":4,"born_in_chaos_v1:maggot":26,"born_in_chaos_v1:pumpkinhead":1,"gnumus:gnumus_hunter":5,"gnumus:gnumus_hunter_not_dispawn":1,"born_in_chaos_v1:fallen_chaos_knight":2,"born_in_chaos_v1:felsteed":1,"born_in_chaos_v1:baby_skeleton":1,"minecraft:wandering_trader":2,"born_in_chaos_v1:decrepit_skeleton":8,"born_in_chaos_v1:dark_vortex":1,"alexsmobs:crow":1},"minecraft:mined":{"minecraft:spruce_planks":3,"minecraft:white_bed":6,"minecraft:farmland":1,"minecraft:cobblestone_stairs":3,"minecraft:obsidian":16,"minecraft:granite":67,"biomesoplenty:umbran_planks":3,"biomesoplenty:fir_slab":14,"minecraft:grass_block":1296,"biomesoplenty:flowering_oak_leaves":1,"biomesoplenty:stripped_fir_log":1,"minecraft:tall_seagrass":1,"minecraft:raw_iron_block":2,"minecraft:iron_ore":98,"minecraft:cobbled_deepslate":14,"minecraft:pumpkin":13,"minecraft:deepslate_lapis_ore":2,"minecraft:azure_bluet":2,"minecraft:dirt_path":8,"biomesoplenty:glowflower":2,"biomesoplenty:webbing":1,"minecraft:deepslate_redstone_ore":15,"beachparty:dry_bush_tall":1,"brewery:wild_hops":1,"born_in_chaos_v1:infected_deepslate_diamond_ore":1,"minecraft:clay":3,"minecraft:torch":21,"minecraft:poppy":3,"minecraft:chest":7,"beautify:oak_trellis":5,"minecraft:glass":6,"minecraft:cobblestone":363,"minecraft:oak_planks":17,"minecraft:wall_torch":11,"minecraft:deepslate_copper_ore":3,"minecraft:seagrass":1,"minecraft:wheat":55,"minecraft:lilac":18,"biomesoplenty:fir_log":19,"minecraft:grass":409,"biomesoplenty:clover":16,"minecraft:oak_log":25,"minecraft:sand":103,"minecraft:dirt":407,"biomesoplenty:fir_sapling":1,"minecraft:smooth_basalt":12,"born_in_chaos_v1:infernal_evil_pumpkin_s":1,"minecraft:netherrack":1,"minecraft:oak_leaves":38,"minecraft:deepslate":2441,"minecraft:tuff":244,"minecraft:dark_oak_leaves":7,"minecraft:deepslate_diamond_ore":8,"beachparty:beach_grass":1,"minecraft:ladder":1,"gravestone:gravestone":42,"biomesoplenty:bush":347,"minecraft:allium":33,"minecraft:spruce_leaves":6,"born_in_chaos_v1:gnawed_bones":1,"biomesoplenty:dune_grass":12,"minecraft:large_fern":3,"minecraft:hay_block":6,"gnumus:scion_weed":3,"minecraft:furnace":30,"beautify:spruce_trellis":93,"minecraft:andesite":32,"treechop:chopped_log":29,"minecraft:gold_block":1,"biomesoplenty:sea_oats":9,"minecraft:potatoes":125,"biomesoplenty:high_grass":50,"minecraft:deepslate_iron_ore":56,"minecraft:cobblestone_slab":43,"biomesoplenty:barley":140,"gnumus:fragile_gnumus_jug":2,"minecraft:stone":2731,"sophisticatedbackpacks:backpack":2,"minecraft:white_wool":1,"biomesoplenty:umbran_door":2,"minecraft:glass_pane":51,"minecraft:brown_carpet":2,"minecraft:dandelion":1,"minecraft:oak_fence":1,"minecraft:crafting_table":12,"biomesoplenty:fir_planks":37,"minecraft:rose_bush":4,"biomesoplenty:high_grass_plant":77,"minecraft:copper_ore":27,"minecraft:tall_grass":9,"biomesoplenty:sprout":211,"minecraft:lapis_ore":8,"minecraft:deepslate_gold_ore":12,"minecraft:diorite":47,"biomesoplenty:blue_hydrangea":2,"minecraft:birch_leaves":1,"minecraft:coal_ore":95,"beachparty:coconut_block":2,"minecraft:sunflower":11,"minecraft:gravel":235,"minecraft:spruce_fence_gate":7,"minecraft:gold_ore":4,"minecraft:fern":2},"minecraft:picked_up":{"beautify:oak_trellis":5,"minecraft:wheat":40,"gnumus:gnumus_claw":3,"minecraft:lead":4,"minecraft:potion":1,"born_in_chaos_v1:holiday_candy":38,"minecraft:string":6,"minecraft:raw_copper":93,"minecraft:pufferfish":3,"beachparty:coconut_open":3,"minecraft:gold_nugget":7,"minecraft:cobbled_deepslate":1391,"biomesoplenty:fir_planks":41,"minecraft:spruce_planks":4,"minecraft:rose_bush":5,"minecraft:cobblestone_slab":43,"minecraft:iron_pickaxe":1,"minecraft:mangrove_log":3,"minecraft:furnace":30,"beachparty:sand_slab":3,"minecraft:stick":225,"born_in_chaos_v1:shattered_skull":1,"minecraft:oak_fence":1,"minecraft:torch":35,"minecraft:acacia_log":3,"biomesoplenty:umbran_planks":3,"minecraft:porkchop":10,"minecraft:cherry_log":3,"minecraft:diorite":22,"born_in_chaos_v1:nightmare_claw":1,"minecraft:brown_carpet":2,"farmersdelight:fried_egg":1,"minecraft:rotten_flesh":76,"minecraft:iron_block":3,"gnumus:gnumus_chickpeas":3,"biomesoplenty:fir_slab":21,"minecraft:obsidian":16,"minecraft:cod":21,"minecraft:cobblestone":3158,"minecraft:birch_log":1,"minecraft:feather":2,"minecraft:lilac":29,"minecraft:andesite":30,"minecraft:jungle_log":4,"minecraft:brown_wool":1,"minecraft:potato":416,"biomesoplenty:fir_sapling":107,"biomesoplenty:fir_log":650,"beachparty:palm_log":11,"minecraft:flint":16,"minecraft:tuff":117,"minecraft:lapis_lazuli":51,"minecraft:dirt":1881,"minecraft:leather_boots":1,"gnumus:gnumus_pouch_2":1,"brewery:hops_seeds":22,"born_in_chaos_v1:monster_skin":4,"minecraft:bone":26,"minecraft:wheat_seeds":178,"minecraft:raw_gold":9,"minecraft:oak_planks":99,"biomesoplenty:magic_sapling":1,"minecraft:sand":99,"minecraft:dark_oak_log":8,"beachparty:cooked_mussel_meat":5,"biomesoplenty:glowflower":2,"minecraft:spruce_fence_gate":6,"minecraft:diamond":8,"minecraft:deepslate":4,"gnumus:gnumus_clay":5,"minecraft:granite":107,"alexsmobs:maggot":6,"minecraft:oak_sapling":42,"minecraft:netherrack":1,"minecraft:crafting_table":12,"minecraft:allium":54,"minecraft:chicken":3,"brewery:sausage":2,"minecraft:clay_ball":12,"born_in_chaos_v1:seedof_chaos":1,"minecraft:brown_mushroom":1,"minecraft:wooden_pickaxe":3,"minecraft:gold_block":1,"minecraft:chain":1,"gravestone:obituary":15,"beachparty:coconut":7,"born_in_chaos_v1:intoxicating_decoction":3,"minecraft:glass_pane":29,"minecraft:beef":9,"born_in_chaos_v1:gnawed_bones":2,"minecraft:poppy":2,"minecraft:sugar_cane":3,"minecraft:chest":16,"minecraft:egg":3,"minecraft:dark_oak_sapling":1,"minecraft:raw_iron":147,"gnumus:juicy_meat":17,"sophisticatedbackpacks:backpack":4,"born_in_chaos_v1:pieceofdarkmetal":8,"minecraft:carrot":2,"minecraft:redstone":49,"biomesoplenty:blue_hydrangea":2,"minecraft:arrow":18,"minecraft:stone_shovel":1,"biomesoplenty:umbran_sapling":19,"minecraft:hay_block":6,"minecraft:mutton":5,"minecraft:white_wool":5,"born_in_chaos_v1:fused_bone":3,"born_in_chaos_v1:corpse_maggot":22,"born_in_chaos_v1:monster_flesh":5,"born_in_chaos_v1:pumpkin_staff":2,"minecraft:salmon":4,"minecraft:leather":10,"gnumus:gnumus_pouch":3,"biomesoplenty:umbran_door":2,"minecraft:oak_log":60,"minecraft:gunpowder":7,"minecraft:cobblestone_stairs":3,"biomesoplenty:stripped_fir_log":1,"born_in_chaos_v1:soul_cutlass":2,"minecraft:apple":7,"minecraft:iron_ingot":21,"minecraft:stone_pickaxe":1,"biomesoplenty:magic_log":16,"minecraft:iron_sword":2,"biomesoplenty:umbran_log":140,"minecraft:smooth_basalt":22,"minecraft:pumpkin":12,"born_in_chaos_v1:ethereal_spirit":10,"minecraft:raw_iron_block":2,"minecraft:dripstone_block":3,"minecraft:gravel":152,"minecraft:spruce_sapling":39,"minecraft:white_bed":6,"minecraft:spruce_log":171,"beautify:spruce_trellis":103,"minecraft:stone_axe":1,"minecraft:coal":118,"minecraft:sunflower":11},"minecraft:crafted":{"minecraft:oak_planks":184,"gnumus:grilled_juicy_meat":13,"minecraft:cobblestone_slab":96,"minecraft:cooked_chicken":3,"brewery:sausage":9,"minecraft:cobblestone_stairs":104,"minecraft:iron_bars":80,"minecraft:cooked_mutton":5,"minecraft:glass":92,"vanillaplustools:iron_hammer":1,"minecraft:iron_boots":2,"biomesoplenty:fir_slab":630,"beautify:oak_trellis":4,"minecraft:chest":77,"vanillaplustools:stone_shovel":2,"minecraft:stone_hoe":2,"minecraft:oak_fence":6,"sophisticatedbackpacks:backpack":1,"minecraft:cooked_porkchop":3,"minecraft:crafting_table":20,"minecraft:spruce_planks":448,"minecraft:baked_potato":86,"minecraft:wooden_pickaxe":1,"minecraft:iron_helmet":2,"minecraft:spruce_door":3,"minecraft:pumpkin_seeds":48,"biomesoplenty:fir_planks":1692,"farmersdelight:fried_egg":3,"minecraft:iron_chestplate":2,"minecraft:wooden_hoe":2,"portablemobs:basic_capture_cell":19,"minecraft:diamond_pickaxe":1,"minecraft:shield":2,"minecraft:stick":572,"minecraft:iron_ingot":169,"minecraft:iron_pickaxe":19,"minecraft:stone_sword":1,"minecraft:spruce_fence_gate":13,"brewery:fried_chicken":3,"minecraft:raw_iron":18,"minecraft:stone_shovel":22,"minecraft:fishing_rod":1,"vanillaplustools:stone_hammer":1,"minecraft:furnace":18,"minecraft:bone_meal":36,"minecraft:spruce_fence":27,"beautify:spruce_trellis":216,"minecraft:glass_pane":144,"minecraft:iron_axe":4,"minecraft:ladder":6,"minecraft:stone_pickaxe":13,"minecraft:cobbled_deepslate_stairs":40,"minecraft:wheat":54,"minecraft:cooked_beef":9,"biomesoplenty:umbran_planks":470,"brewery:pork_knuckle":6,"minecraft:iron_sword":2,"biomesoplenty:umbran_door":3,"minecraft:bucket":2,"minecraft:stone_axe":2,"minecraft:air":0,"minecraft:bread":24,"minecraft:wooden_axe":1,"handcrafted:hammer":1,"minecraft:iron_shovel":6,"minecraft:iron_leggings":2,"minecraft:torch":96}},"DataVersion":3465}