{"stats":{"minecraft:killed":{"born_in_chaos_v1:zombie_clown":1,"born_in_chaos_v1:mr_pumpkin":23,"born_in_chaos_v1:restless_spirit":4,"born_in_chaos_v1:zombie_lumberjack":6,"born_in_chaos_v1:sir_the_headless":1,"minecraft:spider":2,"born_in_chaos_v1:siamese_skeletonsright":1,"born_in_chaos_v1:scarlet_persecutor":1,"minecraft:skeleton":7,"minecraft:bee":1,"minecraft:chicken":3,"gnumus:pitcher_mousse":3,"minecraft:pig":6,"minecraft:zombie_villager":3,"gnumus:big_snout":3,"gnumus:marsupial_mousse":1,"minecraft:sheep":4,"minecraft:trader_llama":4,"minecraft:zombie":15,"born_in_chaos_v1:dread_hound":3,"born_in_chaos_v1:corpse_fly":6,"alexsmobs:fly":7,"born_in_chaos_v1:door_knight":2,"born_in_chaos_v1:siamese_skeletonsleft":1,"minecraft:cow":4,"born_in_chaos_v1:zombie_bruiser":3,"born_in_chaos_v1:maggot":20,"born_in_chaos_v1:pumpkinhead":1,"gnumus:gnumus_hunter":5,"gnumus:gnumus_hunter_not_dispawn":1,"born_in_chaos_v1:fallen_chaos_knight":2,"born_in_chaos_v1:felsteed":1,"born_in_chaos_v1:baby_skeleton":1,"minecraft:wandering_trader":2,"born_in_chaos_v1:decrepit_skeleton":6,"born_in_chaos_v1:dark_vortex":1,"alexsmobs:crow":1},"minecraft:mined":{"minecraft:spruce_planks":3,"minecraft:white_bed":6,"minecraft:cobblestone_stairs":1,"minecraft:granite":16,"biomesoplenty:umbran_planks":3,"biomesoplenty:fir_slab":14,"minecraft:grass_block":961,"biomesoplenty:flowering_oak_leaves":1,"minecraft:tall_seagrass":1,"minecraft:raw_iron_block":1,"minecraft:iron_ore":78,"minecraft:cobbled_deepslate":14,"minecraft:pumpkin":13,"minecraft:deepslate_lapis_ore":2,"minecraft:azure_bluet":2,"minecraft:deepslate_redstone_ore":15,"beachparty:dry_bush_tall":1,"brewery:wild_hops":1,"minecraft:torch":6,"minecraft:poppy":3,"minecraft:chest":7,"minecraft:cobblestone":355,"minecraft:oak_planks":17,"minecraft:wall_torch":8,"minecraft:seagrass":1,"minecraft:lilac":18,"biomesoplenty:fir_log":17,"minecraft:grass":210,"minecraft:oak_log":16,"minecraft:sand":9,"minecraft:dirt":316,"biomesoplenty:fir_sapling":1,"minecraft:smooth_basalt":12,"born_in_chaos_v1:infernal_evil_pumpkin_s":1,"minecraft:netherrack":1,"minecraft:oak_leaves":26,"minecraft:deepslate":2133,"minecraft:tuff":231,"minecraft:dark_oak_leaves":7,"minecraft:deepslate_diamond_ore":8,"beachparty:beach_grass":1,"gravestone:gravestone":34,"biomesoplenty:bush":184,"minecraft:allium":13,"minecraft:spruce_leaves":2,"born_in_chaos_v1:gnawed_bones":1,"biomesoplenty:dune_grass":12,"minecraft:large_fern":3,"minecraft:hay_block":6,"minecraft:furnace":30,"minecraft:andesite":15,"treechop:chopped_log":18,"minecraft:gold_block":1,"biomesoplenty:sea_oats":9,"biomesoplenty:high_grass":50,"minecraft:deepslate_iron_ore":32,"minecraft:cobblestone_slab":43,"biomesoplenty:barley":140,"gnumus:fragile_gnumus_jug":2,"minecraft:stone":2297,"sophisticatedbackpacks:backpack":2,"minecraft:white_wool":1,"biomesoplenty:umbran_door":2,"minecraft:brown_carpet":2,"minecraft:dandelion":1,"minecraft:crafting_table":10,"biomesoplenty:fir_planks":37,"minecraft:rose_bush":3,"biomesoplenty:high_grass_plant":77,"minecraft:tall_grass":9,"minecraft:copper_ore":25,"minecraft:lapis_ore":6,"biomesoplenty:sprout":29,"minecraft:deepslate_gold_ore":7,"minecraft:diorite":15,"minecraft:birch_leaves":1,"minecraft:coal_ore":95,"beachparty:coconut_block":2,"minecraft:sunflower":11,"minecraft:gravel":114,"minecraft:gold_ore":4,"minecraft:fern":2},"minecraft:crafted":{"minecraft:oak_planks":164,"gnumus:grilled_juicy_meat":13,"minecraft:cobblestone_slab":96,"minecraft:cooked_chicken":3,"brewery:sausage":9,"minecraft:cobblestone_stairs":16,"minecraft:cooked_mutton":5,"vanillaplustools:iron_hammer":1,"minecraft:iron_boots":1,"biomesoplenty:fir_slab":630,"minecraft:chest":49,"vanillaplustools:stone_shovel":2,"minecraft:stone_hoe":2,"sophisticatedbackpacks:backpack":1,"minecraft:cooked_porkchop":3,"minecraft:crafting_table":15,"minecraft:spruce_planks":400,"minecraft:wooden_pickaxe":1,"minecraft:iron_helmet":1,"minecraft:spruce_door":3,"minecraft:pumpkin_seeds":48,"biomesoplenty:fir_planks":912,"farmersdelight:fried_egg":3,"minecraft:iron_chestplate":1,"minecraft:diamond_pickaxe":1,"minecraft:shield":1,"minecraft:stick":124,"minecraft:iron_ingot":103,"minecraft:iron_pickaxe":17,"minecraft:stone_sword":1,"brewery:fried_chicken":3,"minecraft:raw_iron":9,"minecraft:stone_shovel":20,"vanillaplustools:stone_hammer":1,"minecraft:furnace":18,"minecraft:iron_axe":3,"minecraft:stone_pickaxe":11,"minecraft:wheat":54,"minecraft:cooked_beef":9,"biomesoplenty:umbran_planks":470,"brewery:pork_knuckle":6,"minecraft:iron_sword":2,"biomesoplenty:umbran_door":3,"minecraft:bucket":2,"minecraft:stone_axe":1,"minecraft:air":0,"minecraft:bread":18,"minecraft:wooden_axe":1,"handcrafted:hammer":1,"minecraft:iron_shovel":3,"minecraft:iron_leggings":1,"minecraft:torch":96},"minecraft:dropped":{"minecraft:iron_sword":2,"gnumus:overripe_carrot":3,"minecraft:dark_oak_sapling":1,"born_in_chaos_v1:pieceofdarkmetal":8,"born_in_chaos_v1:nightmare_claw":1,"minecraft:flint":2,"minecraft:gold_block":1,"minecraft:dirt":103,"minecraft:dark_oak_log":3,"gnumus:gnumus_claw":1,"gravestone:obituary":38,"minecraft:gold_nugget":1,"minecraft:sunflower":4,"minecraft:iron_pickaxe":1,"vanillaplustools:iron_hammer":1,"minecraft:birch_log":1,"minecraft:bone":2,"minecraft:gravel":22,"minecraft:stone_axe":1,"vanillaplustools:stone_shovel":1,"minecraft:iron_nugget":3,"beachparty:coconut":2,"minecraft:rotten_flesh":8,"minecraft:oak_planks":60,"minecraft:poppy":1,"minecraft:gunpowder":2,"minecraft:jungle_log":3,"born_in_chaos_v1:corpse_maggot":3,"minecraft:arrow":5,"minecraft:netherrack":1,"minecraft:iron_ingot":20,"minecraft:bread":8,"born_in_chaos_v1:intoxicating_decoction":1,"minecraft:wheat_seeds":2,"minecraft:lilac":12,"minecraft:feather":2,"minecraft:cobblestone":65,"minecraft:granite":6,"minecraft:acacia_log":2,"minecraft:stick":6,"minecraft:diorite":14,"minecraft:wooden_axe":1,"minecraft:rose_bush":4,"born_in_chaos_v1:fused_bone":2,"minecraft:spruce_sapling":6,"minecraft:smooth_basalt":11,"minecraft:deepslate":2,"sophisticatedbackpacks:backpack":1,"brewery:sausage":6,"minecraft:allium":26,"farmersdelight:fried_egg":1,"minecraft:oak_sapling":20,"brewery:hops_seeds":22,"minecraft:brown_carpet":2,"minecraft:stone_pickaxe":2,"minecraft:wooden_pickaxe":2},"minecraft:broken":{"minecraft:iron_shovel":3,"minecraft:iron_boots":1,"minecraft:iron_chestplate":1,"minecraft:iron_leggings":1,"minecraft:iron_sword":1,"minecraft:stone_shovel":1,"minecraft:golden_axe":1,"vanillaplustools:stone_hammer":1,"minecraft:iron_axe":2,"minecraft:iron_pickaxe":8,"minecraft:iron_helmet":1},"minecraft:picked_up":{"gnumus:gnumus_claw":3,"minecraft:lead":4,"born_in_chaos_v1:holiday_candy":38,"minecraft:string":6,"minecraft:raw_copper":88,"beachparty:coconut_open":3,"minecraft:gold_nugget":7,"minecraft:cobbled_deepslate":1254,"biomesoplenty:fir_planks":41,"minecraft:spruce_planks":4,"minecraft:rose_bush":5,"minecraft:cobblestone_slab":43,"minecraft:iron_pickaxe":1,"minecraft:mangrove_log":3,"minecraft:furnace":30,"beachparty:sand_slab":3,"minecraft:stick":93,"minecraft:torch":15,"minecraft:acacia_log":2,"biomesoplenty:umbran_planks":3,"minecraft:porkchop":10,"minecraft:cherry_log":3,"minecraft:diorite":14,"born_in_chaos_v1:nightmare_claw":1,"minecraft:brown_carpet":2,"farmersdelight:fried_egg":1,"minecraft:rotten_flesh":54,"gnumus:gnumus_chickpeas":3,"biomesoplenty:fir_slab":18,"minecraft:cobblestone":2695,"minecraft:birch_log":1,"minecraft:feather":2,"minecraft:lilac":29,"minecraft:andesite":13,"minecraft:jungle_log":4,"biomesoplenty:fir_sapling":62,"biomesoplenty:fir_log":376,"beachparty:palm_log":11,"minecraft:flint":9,"minecraft:tuff":99,"minecraft:lapis_lazuli":41,"minecraft:dirt":1478,"gnumus:gnumus_pouch_2":1,"brewery:hops_seeds":22,"born_in_chaos_v1:monster_skin":1,"minecraft:bone":20,"minecraft:wheat_seeds":36,"minecraft:raw_gold":9,"minecraft:oak_planks":99,"biomesoplenty:magic_sapling":1,"minecraft:sand":6,"minecraft:dark_oak_log":4,"beachparty:cooked_mussel_meat":5,"minecraft:diamond":8,"minecraft:deepslate":4,"gnumus:gnumus_clay":5,"minecraft:granite":16,"alexsmobs:maggot":6,"minecraft:oak_sapling":33,"minecraft:netherrack":1,"minecraft:crafting_table":11,"minecraft:allium":34,"minecraft:chicken":3,"brewery:sausage":2,"born_in_chaos_v1:seedof_chaos":1,"minecraft:brown_mushroom":1,"minecraft:wooden_pickaxe":3,"minecraft:gold_block":1,"minecraft:chain":1,"gravestone:obituary":13,"beachparty:coconut":7,"born_in_chaos_v1:intoxicating_decoction":1,"minecraft:beef":9,"born_in_chaos_v1:gnawed_bones":2,"minecraft:poppy":2,"minecraft:sugar_cane":3,"minecraft:chest":7,"minecraft:egg":3,"minecraft:dark_oak_sapling":1,"minecraft:raw_iron":103,"gnumus:juicy_meat":17,"sophisticatedbackpacks:backpack":3,"born_in_chaos_v1:pieceofdarkmetal":8,"minecraft:carrot":1,"minecraft:redstone":49,"minecraft:arrow":12,"minecraft:stone_shovel":1,"biomesoplenty:umbran_sapling":19,"minecraft:hay_block":6,"minecraft:mutton":5,"minecraft:white_wool":5,"born_in_chaos_v1:fused_bone":2,"born_in_chaos_v1:corpse_maggot":14,"born_in_chaos_v1:monster_flesh":2,"born_in_chaos_v1:pumpkin_staff":2,"minecraft:leather":10,"gnumus:gnumus_pouch":3,"biomesoplenty:umbran_door":2,"minecraft:oak_log":47,"minecraft:gunpowder":5,"minecraft:cobblestone_stairs":1,"born_in_chaos_v1:soul_cutlass":2,"minecraft:apple":6,"minecraft:iron_ingot":18,"minecraft:stone_pickaxe":1,"biomesoplenty:magic_log":16,"minecraft:iron_sword":2,"biomesoplenty:umbran_log":140,"minecraft:smooth_basalt":22,"minecraft:pumpkin":12,"born_in_chaos_v1:ethereal_spirit":10,"minecraft:dripstone_block":3,"minecraft:raw_iron_block":1,"minecraft:gravel":104,"minecraft:spruce_sapling":17,"minecraft:white_bed":6,"minecraft:spruce_log":116,"minecraft:stone_axe":1,"minecraft:coal":118,"minecraft:sunflower":11},"minecraft:killed_by":{"born_in_chaos_v1:nightmare_stalker":5,"born_in_chaos_v1:mr_pumpkin":2,"minecraft:creeper":1,"born_in_chaos_v1:zombie_bruiser":2,"born_in_chaos_v1:pumpkinhead":3,"minecraft:zombie":2,"alexsmobs:grizzly_bear":1,"born_in_chaos_v1:scarlet_persecutor":3,"born_in_chaos_v1:dire_hound_leader":1,"born_in_chaos_v1:felsteed":1,"minecraft:player":1,"minecraft:spider":1,"born_in_chaos_v1:zombie_clown":1,"born_in_chaos_v1:fallen_chaos_knight":1,"born_in_chaos_v1:decaying_zombie":1,"born_in_chaos_v1:sir_pumpkinhead":1,"minecraft:skeleton":2,"minecraft:phantom":2},"minecraft:custom":{"minecraft:interact_with_crafting_table":99,"minecraft:open_barrel":3,"minecraft:leave_game":17,"minecraft:time_since_death":23979,"minecraft:sprint_one_cm":1483183,"minecraft:damage_blocked_by_shield":130,"minecraft:drop":151,"minecraft:talked_to_villager":1,"minecraft:play_time":506418,"minecraft:deaths":37,"minecraft:jump":6930,"minecraft:walk_on_water_one_cm":24905,"minecraft:interact_with_furnace":129,"minecraft:sleep_in_bed":13,"minecraft:waystone_activated":1,"minecraft:damage_dealt":32008,"minecraft:crouch_one_cm":151473,"minecraft:mob_kills":163,"minecraft:damage_dealt_resisted":1409,"minecraft:walk_one_cm":2431179,"minecraft:sneak_time":40973,"minecraft:walk_under_water_one_cm":8384,"minecraft:total_world_time":506418,"minecraft:time_since_rest":1310,"minecraft:damage_taken":12175,"minecraft:swim_one_cm":44970,"minecraft:fly_one_cm":1289488,"minecraft:open_chest":200,"minecraft:fall_one_cm":145459},"minecraft:used":{"minecraft:iron_shovel":834,"minecraft:poppy":1,"minecraft:chest":51,"minecraft:shield":2,"minecraft:iron_sword":388,"brewery:fried_chicken":1,"brewery:sausage":3,"born_in_chaos_v1:corpse_maggot":4,"born_in_chaos_v1:gnawed_bones":2,"minecraft:golden_sword":30,"minecraft:oak_sapling":3,"minecraft:furnace":43,"gnumus:grilled_juicy_meat":10,"beachparty:cooked_mussel_meat":5,"minecraft:spruce_door":1,"minecraft:stone_pickaxe":103,"minecraft:oak_planks":59,"minecraft:wooden_pickaxe":8,"biomesoplenty:fir_planks":596,"minecraft:white_wool":1,"born_in_chaos_v1:holiday_candy":2,"biomesoplenty:umbran_door":2,"biomesoplenty:umbran_planks":3,"sophisticatedbackpacks:backpack":2,"born_in_chaos_v1:monster_flesh":1,"gnumus:gnumus_chickpeas":3,"minecraft:bread":10,"minecraft:golden_pickaxe":3,"brewery:pork_knuckle":9,"beachparty:coconut":5,"minecraft:stone_sword":33,"born_in_chaos_v1:ethereal_spirit":4,"minecraft:stone_shovel":244,"minecraft:spruce_planks":136,"vanillaplustools:stone_hammer":132,"minecraft:stone_hoe":91,"minecraft:torch":99,"minecraft:dirt":566,"minecraft:granite":1,"minecraft:wooden_axe":20,"alexsmobs:maggot":2,"beachparty:coconut_open":3,"minecraft:iron_axe":528,"biomesoplenty:umbran_sapling":1,"minecraft:cobbled_deepslate":59,"farmersdelight:fried_egg":3,"minecraft:golden_axe":36,"minecraft:cooked_mutton":5,"minecraft:water_bucket":58,"minecraft:cobblestone_stairs":8,"minecraft:cobblestone_slab":104,"biomesoplenty:fir_slab":597,"vanillaplustools:stone_shovel":63,"minecraft:crafting_table":20,"minecraft:white_bed":6,"biomesoplenty:magic_sapling":1,"minecraft:diamond_pickaxe":278,"minecraft:apple":2,"minecraft:iron_pickaxe":1985,"minecraft:stone_axe":104,"minecraft:cobblestone":1088,"vanillaplustools:iron_hammer":240,"minecraft:porkchop":3,"minecraft:bucket":58,"biomesoplenty:fir_log":124}},"DataVersion":3465}