{"stats":{"minecraft:killed_by":{"born_in_chaos_v1:zombie_clown":1},"minecraft:mined":{"minecraft:dark_oak_leaves":1},"minecraft:picked_up":{"minecraft:wheat_seeds":1,"minecraft:dirt":16},"minecraft:custom":{"minecraft:jump":33,"minecraft:time_since_rest":261,"minecraft:deaths":1,"minecraft:leave_game":2,"minecraft:play_time":2862,"minecraft:sprint_one_cm":7839,"minecraft:damage_taken":255,"minecraft:time_since_death":207,"minecraft:walk_one_cm":4696,"minecraft:total_world_time":2862,"minecraft:fly_one_cm":8304,"minecraft:fall_one_cm":2742}},"DataVersion":3465}