{"stats":{"minecraft:killed":{"born_in_chaos_v1:zombie_clown":2,"born_in_chaos_v1:mr_pumpkin":23,"born_in_chaos_v1:restless_spirit":4,"born_in_chaos_v1:zombie_lumberjack":7,"born_in_chaos_v1:sir_the_headless":1,"minecraft:spider":2,"born_in_chaos_v1:siamese_skeletonsright":1,"born_in_chaos_v1:scarlet_persecutor":1,"minecraft:skeleton":9,"minecraft:bee":1,"minecraft:chicken":3,"gnumus:pitcher_mousse":3,"minecraft:pig":6,"minecraft:zombie_villager":3,"gnumus:big_snout":3,"minecraft:creeper":1,"gnumus:marsupial_mousse":1,"minecraft:sheep":4,"minecraft:trader_llama":4,"minecraft:zombie":16,"born_in_chaos_v1:dread_hound":6,"born_in_chaos_v1:corpse_fly":9,"alexsmobs:fly":7,"born_in_chaos_v1:door_knight":2,"born_in_chaos_v1:siamese_skeletonsleft":1,"minecraft:cow":4,"born_in_chaos_v1:zombie_bruiser":4,"born_in_chaos_v1:maggot":23,"born_in_chaos_v1:pumpkinhead":1,"gnumus:gnumus_hunter":5,"gnumus:gnumus_hunter_not_dispawn":1,"born_in_chaos_v1:fallen_chaos_knight":2,"born_in_chaos_v1:felsteed":1,"born_in_chaos_v1:baby_skeleton":1,"minecraft:wandering_trader":2,"born_in_chaos_v1:decrepit_skeleton":7,"born_in_chaos_v1:dark_vortex":1,"alexsmobs:crow":1},"minecraft:mined":{"minecraft:spruce_planks":3,"minecraft:white_bed":6,"minecraft:cobblestone_stairs":3,"minecraft:obsidian":16,"minecraft:granite":67,"biomesoplenty:umbran_planks":3,"biomesoplenty:fir_slab":14,"minecraft:grass_block":1118,"biomesoplenty:flowering_oak_leaves":1,"minecraft:tall_seagrass":1,"minecraft:raw_iron_block":2,"minecraft:iron_ore":78,"minecraft:cobbled_deepslate":14,"minecraft:pumpkin":13,"minecraft:deepslate_lapis_ore":2,"minecraft:azure_bluet":2,"minecraft:deepslate_redstone_ore":15,"beachparty:dry_bush_tall":1,"brewery:wild_hops":1,"minecraft:clay":3,"minecraft:torch":14,"minecraft:poppy":3,"minecraft:chest":7,"minecraft:glass":6,"minecraft:cobblestone":363,"minecraft:oak_planks":17,"minecraft:wall_torch":11,"minecraft:deepslate_copper_ore":3,"minecraft:seagrass":1,"minecraft:lilac":18,"biomesoplenty:fir_log":19,"minecraft:grass":260,"biomesoplenty:clover":3,"minecraft:oak_log":20,"minecraft:sand":103,"minecraft:dirt":324,"biomesoplenty:fir_sapling":1,"minecraft:smooth_basalt":12,"born_in_chaos_v1:infernal_evil_pumpkin_s":1,"minecraft:netherrack":1,"minecraft:oak_leaves":30,"minecraft:deepslate":2414,"minecraft:tuff":238,"minecraft:dark_oak_leaves":7,"minecraft:deepslate_diamond_ore":8,"beachparty:beach_grass":1,"gravestone:gravestone":39,"biomesoplenty:bush":239,"minecraft:allium":16,"minecraft:spruce_leaves":2,"born_in_chaos_v1:gnawed_bones":1,"biomesoplenty:dune_grass":12,"minecraft:large_fern":3,"minecraft:hay_block":6,"gnumus:scion_weed":3,"minecraft:furnace":30,"minecraft:andesite":26,"treechop:chopped_log":20,"minecraft:gold_block":1,"biomesoplenty:sea_oats":9,"minecraft:potatoes":18,"biomesoplenty:high_grass":50,"minecraft:deepslate_iron_ore":37,"minecraft:cobblestone_slab":43,"biomesoplenty:barley":140,"gnumus:fragile_gnumus_jug":2,"minecraft:stone":2582,"sophisticatedbackpacks:backpack":2,"minecraft:white_wool":1,"biomesoplenty:umbran_door":2,"minecraft:glass_pane":51,"minecraft:brown_carpet":2,"minecraft:dandelion":1,"minecraft:oak_fence":1,"minecraft:crafting_table":11,"biomesoplenty:fir_planks":37,"minecraft:rose_bush":3,"biomesoplenty:high_grass_plant":77,"minecraft:tall_grass":9,"minecraft:copper_ore":25,"minecraft:lapis_ore":6,"biomesoplenty:sprout":68,"minecraft:deepslate_gold_ore":12,"minecraft:diorite":43,"minecraft:birch_leaves":1,"minecraft:coal_ore":95,"beachparty:coconut_block":2,"minecraft:sunflower":11,"minecraft:gravel":171,"minecraft:spruce_fence_gate":7,"minecraft:gold_ore":4,"minecraft:fern":2},"minecraft:custom":{"minecraft:interact_with_crafting_table":118,"minecraft:open_barrel":3,"minecraft:leave_game":18,"minecraft:time_since_death":14893,"minecraft:sprint_one_cm":1705111,"minecraft:damage_blocked_by_shield":130,"minecraft:drop":170,"minecraft:talked_to_villager":1,"minecraft:play_time":581655,"minecraft:deaths":42,"minecraft:jump":7643,"minecraft:walk_on_water_one_cm":37665,"minecraft:interact_with_furnace":141,"minecraft:sleep_in_bed":14,"minecraft:waystone_activated":1,"minecraft:damage_dealt":35245,"minecraft:crouch_one_cm":171109,"minecraft:mob_kills":180,"minecraft:damage_dealt_resisted":1409,"minecraft:walk_one_cm":2751343,"minecraft:sneak_time":47884,"minecraft:walk_under_water_one_cm":12363,"minecraft:total_world_time":581655,"minecraft:time_since_rest":14925,"minecraft:damage_taken":13600,"minecraft:swim_one_cm":56528,"minecraft:fly_one_cm":1456519,"minecraft:open_chest":241,"minecraft:fall_one_cm":153600},"minecraft:picked_up":{"gnumus:gnumus_claw":3,"minecraft:lead":4,"born_in_chaos_v1:holiday_candy":38,"minecraft:string":6,"minecraft:raw_copper":93,"beachparty:coconut_open":3,"minecraft:gold_nugget":7,"minecraft:cobbled_deepslate":1364,"biomesoplenty:fir_planks":41,"minecraft:spruce_planks":4,"minecraft:rose_bush":5,"minecraft:cobblestone_slab":43,"minecraft:iron_pickaxe":1,"minecraft:mangrove_log":3,"minecraft:furnace":30,"beachparty:sand_slab":3,"minecraft:stick":118,"minecraft:oak_fence":1,"minecraft:torch":26,"minecraft:acacia_log":2,"biomesoplenty:umbran_planks":3,"minecraft:porkchop":10,"minecraft:cherry_log":3,"minecraft:diorite":18,"born_in_chaos_v1:nightmare_claw":1,"minecraft:brown_carpet":2,"farmersdelight:fried_egg":1,"minecraft:rotten_flesh":65,"gnumus:gnumus_chickpeas":3,"biomesoplenty:fir_slab":21,"minecraft:obsidian":16,"minecraft:cobblestone":3040,"minecraft:birch_log":1,"minecraft:feather":2,"minecraft:lilac":29,"minecraft:andesite":24,"minecraft:jungle_log":4,"minecraft:potato":56,"biomesoplenty:fir_sapling":85,"biomesoplenty:fir_log":478,"beachparty:palm_log":11,"minecraft:flint":9,"minecraft:tuff":111,"minecraft:lapis_lazuli":41,"minecraft:dirt":1643,"gnumus:gnumus_pouch_2":1,"brewery:hops_seeds":22,"born_in_chaos_v1:monster_skin":4,"minecraft:bone":24,"minecraft:wheat_seeds":40,"minecraft:raw_gold":9,"minecraft:oak_planks":99,"biomesoplenty:magic_sapling":1,"minecraft:sand":99,"minecraft:dark_oak_log":6,"beachparty:cooked_mussel_meat":5,"minecraft:spruce_fence_gate":6,"minecraft:diamond":8,"minecraft:deepslate":4,"gnumus:gnumus_clay":5,"minecraft:granite":107,"alexsmobs:maggot":6,"minecraft:oak_sapling":35,"minecraft:netherrack":1,"minecraft:crafting_table":12,"minecraft:allium":37,"minecraft:chicken":3,"minecraft:clay_ball":12,"brewery:sausage":2,"born_in_chaos_v1:seedof_chaos":1,"minecraft:brown_mushroom":1,"minecraft:wooden_pickaxe":3,"minecraft:gold_block":1,"minecraft:chain":1,"gravestone:obituary":13,"beachparty:coconut":7,"born_in_chaos_v1:intoxicating_decoction":3,"minecraft:glass_pane":29,"minecraft:beef":9,"born_in_chaos_v1:gnawed_bones":2,"minecraft:poppy":2,"minecraft:sugar_cane":3,"minecraft:chest":7,"minecraft:egg":3,"minecraft:dark_oak_sapling":1,"minecraft:raw_iron":108,"gnumus:juicy_meat":17,"sophisticatedbackpacks:backpack":3,"born_in_chaos_v1:pieceofdarkmetal":8,"minecraft:carrot":2,"minecraft:redstone":49,"minecraft:arrow":16,"minecraft:stone_shovel":1,"biomesoplenty:umbran_sapling":19,"minecraft:hay_block":6,"minecraft:mutton":5,"minecraft:white_wool":5,"born_in_chaos_v1:fused_bone":2,"born_in_chaos_v1:corpse_maggot":19,"born_in_chaos_v1:monster_flesh":5,"born_in_chaos_v1:pumpkin_staff":2,"minecraft:leather":10,"gnumus:gnumus_pouch":3,"biomesoplenty:umbran_door":2,"minecraft:oak_log":53,"minecraft:gunpowder":7,"minecraft:cobblestone_stairs":3,"born_in_chaos_v1:soul_cutlass":2,"minecraft:apple":6,"minecraft:iron_ingot":19,"minecraft:stone_pickaxe":1,"biomesoplenty:magic_log":16,"minecraft:iron_sword":2,"biomesoplenty:umbran_log":140,"minecraft:smooth_basalt":22,"minecraft:pumpkin":12,"born_in_chaos_v1:ethereal_spirit":10,"minecraft:dripstone_block":3,"minecraft:raw_iron_block":2,"minecraft:gravel":107,"minecraft:spruce_sapling":17,"minecraft:white_bed":6,"minecraft:spruce_log":116,"minecraft:stone_axe":1,"minecraft:coal":118,"minecraft:sunflower":11},"minecraft:killed_by":{"born_in_chaos_v1:nightmare_stalker":7,"born_in_chaos_v1:mr_pumpkin":2,"minecraft:creeper":1,"born_in_chaos_v1:zombie_bruiser":2,"born_in_chaos_v1:corpse_fly":1,"born_in_chaos_v1:pumpkinhead":3,"minecraft:zombie":2,"alexsmobs:grizzly_bear":1,"born_in_chaos_v1:scarlet_persecutor":3,"born_in_chaos_v1:dire_hound_leader":1,"born_in_chaos_v1:felsteed":1,"minecraft:player":1,"minecraft:spider":1,"born_in_chaos_v1:zombie_clown":1,"born_in_chaos_v1:fallen_chaos_knight":1,"born_in_chaos_v1:decaying_zombie":1,"born_in_chaos_v1:sir_pumpkinhead":1,"minecraft:skeleton":3,"minecraft:phantom":2,"born_in_chaos_v1:dread_hound":1},"minecraft:broken":{"minecraft:iron_shovel":3,"minecraft:iron_boots":1,"minecraft:iron_chestplate":1,"minecraft:iron_leggings":1,"minecraft:iron_sword":1,"minecraft:stone_shovel":2,"minecraft:golden_axe":1,"vanillaplustools:stone_hammer":1,"minecraft:iron_axe":3,"minecraft:iron_pickaxe":8,"minecraft:iron_helmet":1,"minecraft:golden_pickaxe":1,"minecraft:wooden_hoe":1},"minecraft:crafted":{"minecraft:oak_planks":180,"gnumus:grilled_juicy_meat":13,"minecraft:cobblestone_slab":96,"minecraft:cooked_chicken":3,"brewery:sausage":9,"minecraft:cobblestone_stairs":104,"minecraft:cooked_mutton":5,"minecraft:glass":92,"vanillaplustools:iron_hammer":1,"minecraft:iron_boots":1,"biomesoplenty:fir_slab":630,"minecraft:chest":49,"vanillaplustools:stone_shovel":2,"minecraft:stone_hoe":2,"minecraft:oak_fence":6,"sophisticatedbackpacks:backpack":1,"minecraft:cooked_porkchop":3,"minecraft:crafting_table":18,"minecraft:spruce_planks":448,"minecraft:wooden_pickaxe":1,"minecraft:iron_helmet":1,"minecraft:spruce_door":3,"minecraft:pumpkin_seeds":48,"biomesoplenty:fir_planks":1016,"farmersdelight:fried_egg":3,"minecraft:wooden_hoe":2,"minecraft:iron_chestplate":1,"minecraft:diamond_pickaxe":1,"minecraft:shield":1,"minecraft:stick":180,"minecraft:iron_ingot":103,"minecraft:iron_pickaxe":17,"minecraft:stone_sword":1,"minecraft:spruce_fence_gate":13,"brewery:fried_chicken":3,"minecraft:raw_iron":9,"minecraft:stone_shovel":22,"vanillaplustools:stone_hammer":1,"minecraft:furnace":18,"minecraft:bone_meal":36,"minecraft:spruce_fence":27,"minecraft:glass_pane":144,"minecraft:iron_axe":3,"minecraft:stone_pickaxe":11,"minecraft:cobbled_deepslate_stairs":40,"minecraft:wheat":54,"minecraft:cooked_beef":9,"biomesoplenty:umbran_planks":470,"brewery:pork_knuckle":6,"minecraft:iron_sword":2,"biomesoplenty:umbran_door":3,"minecraft:bucket":2,"minecraft:stone_axe":2,"minecraft:air":0,"minecraft:bread":18,"minecraft:wooden_axe":1,"handcrafted:hammer":1,"minecraft:iron_shovel":4,"minecraft:iron_leggings":1,"minecraft:torch":96},"minecraft:dropped":{"minecraft:iron_sword":2,"gnumus:overripe_carrot":3,"minecraft:dark_oak_sapling":1,"born_in_chaos_v1:pieceofdarkmetal":8,"born_in_chaos_v1:nightmare_claw":1,"biomesoplenty:fir_sapling":11,"minecraft:flint":2,"minecraft:gold_block":1,"minecraft:dirt":105,"minecraft:dark_oak_log":3,"gnumus:gnumus_claw":1,"gravestone:obituary":40,"minecraft:gold_nugget":1,"minecraft:sunflower":4,"minecraft:iron_pickaxe":1,"vanillaplustools:iron_hammer":1,"minecraft:birch_log":1,"minecraft:bone":11,"minecraft:gravel":25,"minecraft:stone_axe":1,"vanillaplustools:stone_shovel":1,"minecraft:iron_nugget":3,"beachparty:coconut":2,"minecraft:rotten_flesh":8,"minecraft:oak_planks":60,"minecraft:carrot":2,"minecraft:poppy":1,"minecraft:gunpowder":4,"minecraft:jungle_log":3,"born_in_chaos_v1:corpse_maggot":3,"minecraft:arrow":5,"minecraft:netherrack":1,"minecraft:iron_ingot":20,"minecraft:bread":8,"born_in_chaos_v1:intoxicating_decoction":1,"minecraft:wheat_seeds":2,"minecraft:lilac":12,"minecraft:feather":2,"minecraft:cobblestone":123,"minecraft:granite":46,"minecraft:acacia_log":2,"biomesoplenty:fir_slab":3,"minecraft:stick":9,"minecraft:diorite":14,"minecraft:wooden_axe":1,"minecraft:rose_bush":4,"born_in_chaos_v1:fused_bone":2,"minecraft:spruce_sapling":6,"minecraft:smooth_basalt":11,"minecraft:deepslate":2,"minecraft:tuff":12,"sophisticatedbackpacks:backpack":1,"brewery:sausage":6,"minecraft:allium":26,"farmersdelight:fried_egg":1,"minecraft:andesite":9,"minecraft:oak_sapling":23,"brewery:hops_seeds":22,"minecraft:brown_carpet":2,"minecraft:stone_pickaxe":2,"minecraft:wooden_pickaxe":2},"minecraft:used":{"minecraft:iron_shovel":1006,"minecraft:poppy":1,"minecraft:chest":51,"minecraft:shield":2,"minecraft:iron_sword":453,"minecraft:rotten_flesh":3,"brewery:fried_chicken":1,"brewery:sausage":5,"minecraft:glass":6,"born_in_chaos_v1:corpse_maggot":7,"born_in_chaos_v1:gnawed_bones":2,"minecraft:golden_sword":30,"minecraft:oak_sapling":3,"minecraft:furnace":43,"minecraft:potato":67,"gnumus:grilled_juicy_meat":12,"beachparty:cooked_mussel_meat":5,"minecraft:spruce_door":1,"minecraft:stone_pickaxe":103,"minecraft:oak_planks":59,"minecraft:wooden_pickaxe":8,"biomesoplenty:fir_planks":596,"minecraft:white_wool":1,"minecraft:sand":1,"born_in_chaos_v1:holiday_candy":2,"biomesoplenty:umbran_door":2,"minecraft:cobbled_deepslate_stairs":40,"biomesoplenty:umbran_planks":3,"sophisticatedbackpacks:backpack":2,"born_in_chaos_v1:monster_flesh":4,"gnumus:gnumus_chickpeas":3,"minecraft:bread":10,"minecraft:bone_meal":36,"minecraft:golden_pickaxe":32,"brewery:pork_knuckle":9,"minecraft:oak_fence":1,"beachparty:coconut":5,"minecraft:stone_sword":33,"born_in_chaos_v1:ethereal_spirit":4,"minecraft:stone_shovel":346,"minecraft:spruce_planks":136,"vanillaplustools:stone_hammer":132,"minecraft:stone_hoe":91,"minecraft:torch":122,"minecraft:dirt":798,"minecraft:spruce_fence":19,"minecraft:granite":1,"minecraft:wooden_axe":20,"alexsmobs:maggot":2,"beachparty:coconut_open":3,"minecraft:iron_axe":530,"biomesoplenty:umbran_sapling":1,"minecraft:cobbled_deepslate":59,"farmersdelight:fried_egg":3,"minecraft:golden_axe":36,"minecraft:wheat_seeds":29,"minecraft:cooked_mutton":5,"minecraft:water_bucket":97,"minecraft:cobblestone_stairs":93,"minecraft:spruce_fence_gate":16,"minecraft:cobblestone_slab":104,"biomesoplenty:fir_slab":601,"vanillaplustools:stone_shovel":79,"minecraft:crafting_table":24,"minecraft:white_bed":6,"minecraft:spruce_log":4,"biomesoplenty:magic_sapling":1,"minecraft:wooden_hoe":64,"minecraft:diamond_pickaxe":993,"minecraft:apple":2,"minecraft:iron_pickaxe":1985,"minecraft:stone_axe":146,"minecraft:cobblestone":1109,"vanillaplustools:iron_hammer":240,"minecraft:porkchop":3,"minecraft:bucket":97,"minecraft:glass_pane":127,"biomesoplenty:fir_log":130}},"DataVersion":3465}