{"stats":{"minecraft:killed":{"born_in_chaos_v1:zombie_clown":1,"born_in_chaos_v1:mr_pumpkin":23,"born_in_chaos_v1:restless_spirit":1,"born_in_chaos_v1:zombie_lumberjack":3,"born_in_chaos_v1:sir_the_headless":1,"minecraft:spider":2,"born_in_chaos_v1:siamese_skeletonsright":1,"minecraft:skeleton":5,"minecraft:bee":1,"minecraft:chicken":3,"gnumus:pitcher_mousse":3,"minecraft:pig":6,"gnumus:big_snout":3,"gnumus:marsupial_mousse":1,"minecraft:sheep":4,"minecraft:trader_llama":2,"minecraft:zombie":9,"born_in_chaos_v1:dread_hound":1,"born_in_chaos_v1:corpse_fly":3,"alexsmobs:fly":2,"born_in_chaos_v1:door_knight":2,"born_in_chaos_v1:siamese_skeletonsleft":1,"minecraft:cow":4,"born_in_chaos_v1:zombie_bruiser":3,"born_in_chaos_v1:maggot":11,"born_in_chaos_v1:pumpkinhead":1,"gnumus:gnumus_hunter":2,"gnumus:gnumus_hunter_not_dispawn":1,"born_in_chaos_v1:fallen_chaos_knight":2,"born_in_chaos_v1:felsteed":1,"born_in_chaos_v1:baby_skeleton":1,"minecraft:wandering_trader":1,"born_in_chaos_v1:decrepit_skeleton":3,"born_in_chaos_v1:dark_vortex":1,"alexsmobs:crow":1},"minecraft:mined":{"minecraft:spruce_planks":3,"minecraft:white_bed":6,"minecraft:granite":16,"biomesoplenty:umbran_planks":1,"minecraft:grass_block":492,"biomesoplenty:flowering_oak_leaves":1,"minecraft:tall_seagrass":1,"minecraft:raw_iron_block":1,"minecraft:iron_ore":78,"minecraft:cobbled_deepslate":14,"minecraft:pumpkin":13,"minecraft:deepslate_lapis_ore":2,"minecraft:azure_bluet":2,"minecraft:deepslate_redstone_ore":15,"beachparty:dry_bush_tall":1,"brewery:wild_hops":1,"minecraft:poppy":3,"minecraft:chest":5,"minecraft:cobblestone":103,"minecraft:oak_planks":17,"minecraft:wall_torch":6,"minecraft:seagrass":1,"minecraft:lilac":18,"minecraft:grass":161,"minecraft:oak_log":12,"minecraft:sand":9,"minecraft:dirt":196,"minecraft:smooth_basalt":12,"born_in_chaos_v1:infernal_evil_pumpkin_s":1,"minecraft:netherrack":1,"minecraft:oak_leaves":21,"minecraft:deepslate":2133,"minecraft:tuff":231,"minecraft:deepslate_diamond_ore":8,"minecraft:dark_oak_leaves":7,"beachparty:beach_grass":1,"gravestone:gravestone":23,"biomesoplenty:bush":101,"minecraft:allium":12,"minecraft:spruce_leaves":2,"born_in_chaos_v1:gnawed_bones":1,"biomesoplenty:dune_grass":12,"minecraft:large_fern":3,"minecraft:hay_block":6,"minecraft:furnace":30,"minecraft:andesite":15,"treechop:chopped_log":14,"minecraft:gold_block":1,"biomesoplenty:sea_oats":9,"minecraft:cobblestone_slab":1,"biomesoplenty:high_grass":50,"minecraft:deepslate_iron_ore":32,"biomesoplenty:barley":140,"minecraft:stone":1038,"sophisticatedbackpacks:backpack":2,"minecraft:white_wool":1,"minecraft:brown_carpet":2,"minecraft:dandelion":1,"minecraft:crafting_table":5,"minecraft:rose_bush":3,"biomesoplenty:high_grass_plant":77,"minecraft:tall_grass":9,"minecraft:copper_ore":12,"minecraft:lapis_ore":2,"biomesoplenty:sprout":23,"minecraft:deepslate_gold_ore":7,"minecraft:diorite":15,"minecraft:birch_leaves":1,"minecraft:coal_ore":54,"beachparty:coconut_block":2,"minecraft:sunflower":11,"minecraft:gravel":95,"minecraft:gold_ore":4,"minecraft:fern":2},"minecraft:custom":{"minecraft:interact_with_crafting_table":75,"minecraft:open_barrel":3,"minecraft:leave_game":15,"minecraft:time_since_death":52662,"minecraft:sprint_one_cm":1070521,"minecraft:damage_blocked_by_shield":130,"minecraft:drop":130,"minecraft:play_time":353750,"minecraft:deaths":26,"minecraft:jump":5464,"minecraft:walk_on_water_one_cm":16244,"minecraft:interact_with_furnace":121,"minecraft:sleep_in_bed":6,"minecraft:damage_dealt":23792,"minecraft:crouch_one_cm":81616,"minecraft:mob_kills":116,"minecraft:damage_dealt_resisted":1409,"minecraft:walk_one_cm":1504970,"minecraft:sneak_time":27832,"minecraft:walk_under_water_one_cm":4802,"minecraft:total_world_time":353750,"minecraft:time_since_rest":561,"minecraft:damage_taken":9170,"minecraft:swim_one_cm":29338,"minecraft:fly_one_cm":1029996,"minecraft:open_chest":129,"minecraft:fall_one_cm":121017},"minecraft:picked_up":{"minecraft:lead":2,"born_in_chaos_v1:holiday_candy":20,"minecraft:string":4,"minecraft:raw_copper":43,"beachparty:coconut_open":3,"minecraft:cobbled_deepslate":1254,"minecraft:gold_nugget":7,"minecraft:spruce_planks":4,"minecraft:rose_bush":5,"minecraft:cobblestone_slab":1,"minecraft:iron_pickaxe":1,"minecraft:furnace":30,"beachparty:sand_slab":3,"minecraft:stick":56,"minecraft:torch":6,"minecraft:acacia_log":2,"biomesoplenty:umbran_planks":1,"minecraft:porkchop":10,"minecraft:cherry_log":1,"minecraft:diorite":14,"born_in_chaos_v1:nightmare_claw":1,"minecraft:brown_carpet":2,"farmersdelight:fried_egg":1,"minecraft:rotten_flesh":33,"gnumus:gnumus_chickpeas":3,"minecraft:cobblestone":1175,"minecraft:feather":2,"minecraft:lilac":29,"minecraft:andesite":13,"minecraft:jungle_log":4,"beachparty:palm_log":11,"minecraft:flint":9,"minecraft:tuff":99,"minecraft:lapis_lazuli":15,"minecraft:dirt":853,"brewery:hops_seeds":22,"minecraft:bone":14,"minecraft:wheat_seeds":30,"minecraft:raw_gold":9,"minecraft:oak_planks":99,"biomesoplenty:magic_sapling":1,"minecraft:sand":6,"minecraft:dark_oak_log":2,"beachparty:cooked_mussel_meat":5,"minecraft:diamond":8,"minecraft:deepslate":4,"gnumus:gnumus_clay":5,"minecraft:granite":16,"alexsmobs:maggot":2,"minecraft:oak_sapling":29,"minecraft:netherrack":1,"minecraft:crafting_table":6,"minecraft:allium":29,"minecraft:chicken":3,"brewery:sausage":2,"born_in_chaos_v1:seedof_chaos":1,"minecraft:brown_mushroom":1,"minecraft:wooden_pickaxe":3,"minecraft:gold_block":1,"gravestone:obituary":9,"beachparty:coconut":7,"born_in_chaos_v1:intoxicating_decoction":1,"minecraft:beef":9,"born_in_chaos_v1:gnawed_bones":2,"minecraft:poppy":2,"minecraft:chest":5,"minecraft:egg":3,"minecraft:dark_oak_sapling":1,"minecraft:raw_iron":103,"gnumus:juicy_meat":17,"sophisticatedbackpacks:backpack":3,"born_in_chaos_v1:pieceofdarkmetal":8,"minecraft:redstone":49,"minecraft:arrow":6,"minecraft:stone_shovel":1,"biomesoplenty:umbran_sapling":19,"minecraft:hay_block":6,"minecraft:mutton":5,"minecraft:white_wool":5,"born_in_chaos_v1:fused_bone":2,"born_in_chaos_v1:corpse_maggot":10,"born_in_chaos_v1:monster_flesh":1,"born_in_chaos_v1:pumpkin_staff":1,"minecraft:leather":8,"gnumus:gnumus_pouch":1,"minecraft:oak_log":42,"minecraft:gunpowder":5,"born_in_chaos_v1:soul_cutlass":1,"minecraft:apple":6,"minecraft:iron_ingot":16,"minecraft:stone_pickaxe":1,"biomesoplenty:magic_log":16,"biomesoplenty:umbran_log":140,"minecraft:iron_sword":2,"minecraft:smooth_basalt":22,"minecraft:pumpkin":12,"born_in_chaos_v1:ethereal_spirit":4,"minecraft:raw_iron_block":1,"minecraft:gravel":85,"minecraft:spruce_sapling":17,"minecraft:white_bed":6,"minecraft:spruce_log":116,"minecraft:stone_axe":1,"minecraft:coal":75,"minecraft:sunflower":11},"minecraft:killed_by":{"born_in_chaos_v1:nightmare_stalker":5,"born_in_chaos_v1:mr_pumpkin":2,"born_in_chaos_v1:zombie_bruiser":2,"born_in_chaos_v1:pumpkinhead":3,"minecraft:zombie":2,"alexsmobs:grizzly_bear":1,"born_in_chaos_v1:felsteed":1,"minecraft:player":1,"born_in_chaos_v1:zombie_clown":1,"born_in_chaos_v1:sir_pumpkinhead":1,"minecraft:skeleton":2,"minecraft:phantom":2},"minecraft:broken":{"minecraft:iron_shovel":2,"minecraft:iron_boots":1,"minecraft:iron_chestplate":1,"minecraft:iron_leggings":1,"minecraft:iron_sword":1,"minecraft:golden_axe":1,"minecraft:iron_axe":1,"minecraft:iron_pickaxe":6,"minecraft:iron_helmet":1},"minecraft:crafted":{"minecraft:oak_planks":124,"gnumus:grilled_juicy_meat":13,"minecraft:cobblestone_slab":96,"minecraft:cooked_chicken":3,"brewery:sausage":9,"minecraft:cooked_mutton":5,"vanillaplustools:iron_hammer":1,"minecraft:iron_boots":1,"minecraft:chest":49,"vanillaplustools:stone_shovel":1,"sophisticatedbackpacks:backpack":1,"minecraft:cooked_porkchop":3,"minecraft:crafting_table":10,"minecraft:spruce_planks":400,"minecraft:wooden_pickaxe":1,"minecraft:iron_helmet":1,"minecraft:spruce_door":3,"minecraft:pumpkin_seeds":48,"farmersdelight:fried_egg":3,"minecraft:iron_chestplate":1,"minecraft:diamond_pickaxe":1,"minecraft:shield":1,"minecraft:stick":116,"minecraft:iron_ingot":103,"minecraft:iron_pickaxe":16,"minecraft:stone_sword":1,"brewery:fried_chicken":3,"minecraft:raw_iron":9,"minecraft:stone_shovel":10,"minecraft:furnace":18,"minecraft:iron_axe":2,"minecraft:stone_pickaxe":2,"minecraft:wheat":54,"minecraft:cooked_beef":9,"biomesoplenty:umbran_planks":382,"brewery:pork_knuckle":6,"minecraft:iron_sword":2,"minecraft:bucket":1,"minecraft:stone_axe":1,"minecraft:bread":18,"minecraft:air":0,"minecraft:wooden_axe":1,"handcrafted:hammer":1,"minecraft:iron_shovel":3,"minecraft:iron_leggings":1,"minecraft:torch":96},"minecraft:dropped":{"minecraft:iron_sword":2,"gnumus:overripe_carrot":3,"minecraft:dark_oak_sapling":1,"born_in_chaos_v1:pieceofdarkmetal":8,"born_in_chaos_v1:nightmare_claw":1,"minecraft:flint":2,"minecraft:gold_block":1,"minecraft:dirt":86,"minecraft:dark_oak_log":2,"gnumus:gnumus_claw":1,"gravestone:obituary":26,"minecraft:gold_nugget":1,"minecraft:sunflower":4,"minecraft:iron_pickaxe":1,"vanillaplustools:iron_hammer":1,"minecraft:gravel":22,"minecraft:stone_axe":1,"vanillaplustools:stone_shovel":1,"minecraft:iron_nugget":3,"beachparty:coconut":2,"minecraft:rotten_flesh":8,"minecraft:oak_planks":60,"minecraft:poppy":1,"minecraft:gunpowder":2,"minecraft:jungle_log":3,"born_in_chaos_v1:corpse_maggot":3,"minecraft:arrow":1,"minecraft:netherrack":1,"minecraft:iron_ingot":20,"minecraft:bread":8,"born_in_chaos_v1:intoxicating_decoction":1,"minecraft:wheat_seeds":2,"minecraft:lilac":12,"minecraft:feather":2,"minecraft:cobblestone":65,"minecraft:granite":6,"minecraft:acacia_log":2,"minecraft:stick":6,"minecraft:diorite":14,"minecraft:wooden_axe":1,"minecraft:rose_bush":4,"born_in_chaos_v1:fused_bone":2,"minecraft:spruce_sapling":6,"minecraft:smooth_basalt":11,"minecraft:deepslate":2,"sophisticatedbackpacks:backpack":1,"brewery:sausage":6,"minecraft:allium":26,"farmersdelight:fried_egg":1,"minecraft:oak_sapling":20,"brewery:hops_seeds":22,"minecraft:brown_carpet":2,"minecraft:wooden_pickaxe":2,"minecraft:stone_pickaxe":2},"minecraft:used":{"minecraft:iron_shovel":782,"minecraft:poppy":1,"minecraft:chest":49,"minecraft:shield":2,"minecraft:iron_sword":310,"brewery:fried_chicken":1,"brewery:sausage":3,"born_in_chaos_v1:gnawed_bones":2,"minecraft:golden_sword":30,"minecraft:furnace":31,"minecraft:oak_sapling":3,"gnumus:grilled_juicy_meat":8,"beachparty:cooked_mussel_meat":5,"minecraft:spruce_door":1,"minecraft:stone_pickaxe":103,"minecraft:oak_planks":59,"minecraft:wooden_pickaxe":8,"minecraft:white_wool":1,"born_in_chaos_v1:holiday_candy":2,"biomesoplenty:umbran_planks":1,"sophisticatedbackpacks:backpack":2,"gnumus:gnumus_chickpeas":3,"minecraft:bread":10,"minecraft:golden_pickaxe":3,"brewery:pork_knuckle":8,"beachparty:coconut":5,"minecraft:stone_sword":33,"born_in_chaos_v1:ethereal_spirit":3,"minecraft:stone_shovel":31,"minecraft:spruce_planks":136,"minecraft:torch":20,"minecraft:dirt":316,"minecraft:granite":1,"minecraft:wooden_axe":20,"beachparty:coconut_open":3,"minecraft:iron_axe":218,"biomesoplenty:umbran_sapling":1,"minecraft:cobbled_deepslate":59,"minecraft:golden_axe":36,"farmersdelight:fried_egg":3,"minecraft:cooked_mutton":4,"minecraft:cobblestone_slab":60,"minecraft:crafting_table":14,"minecraft:white_bed":6,"biomesoplenty:magic_sapling":1,"minecraft:apple":2,"minecraft:iron_pickaxe":1678,"minecraft:stone_axe":104,"minecraft:cobblestone":576,"vanillaplustools:iron_hammer":240,"minecraft:porkchop":3}},"DataVersion":3465}