{"stats":{"minecraft:killed":{"born_in_chaos_v1:zombie_lumberjack":1,"minecraft:spider":1,"born_in_chaos_v1:zombie_bruiser":2,"born_in_chaos_v1:maggot":7,"minecraft:skeleton":1,"minecraft:bee":1,"minecraft:chicken":3,"gnumus:gnumus_hunter":2,"gnumus:gnumus_hunter_not_dispawn":1,"minecraft:pig":2,"minecraft:wandering_trader":1,"born_in_chaos_v1:decrepit_skeleton":1,"minecraft:trader_llama":2,"minecraft:zombie":2,"born_in_chaos_v1:dark_vortex":1,"alexsmobs:fly":1,"alexsmobs:crow":1,"born_in_chaos_v1:door_knight":1,"minecraft:cow":4},"minecraft:mined":{"minecraft:tuff":212,"minecraft:spruce_planks":3,"minecraft:dark_oak_leaves":7,"minecraft:deepslate_diamond_ore":4,"minecraft:granite":16,"minecraft:grass_block":75,"minecraft:spruce_leaves":2,"minecraft:hay_block":6,"minecraft:raw_iron_block":1,"minecraft:furnace":1,"minecraft:cobbled_deepslate":14,"minecraft:iron_ore":60,"minecraft:andesite":15,"treechop:chopped_log":11,"minecraft:deepslate_lapis_ore":2,"minecraft:azure_bluet":2,"minecraft:gold_block":1,"biomesoplenty:high_grass":13,"minecraft:deepslate_iron_ore":24,"minecraft:stone":357,"minecraft:deepslate_redstone_ore":13,"beachparty:dry_bush_tall":1,"brewery:wild_hops":1,"minecraft:brown_carpet":2,"minecraft:dandelion":1,"minecraft:crafting_table":4,"minecraft:poppy":3,"minecraft:chest":2,"minecraft:rose_bush":2,"biomesoplenty:high_grass_plant":13,"minecraft:tall_grass":2,"minecraft:copper_ore":9,"minecraft:cobblestone":3,"biomesoplenty:sprout":15,"minecraft:deepslate_gold_ore":7,"minecraft:oak_planks":17,"minecraft:diorite":1,"minecraft:wall_torch":1,"minecraft:lilac":9,"minecraft:grass":27,"minecraft:oak_log":1,"minecraft:coal_ore":54,"minecraft:sunflower":9,"minecraft:gravel":71,"minecraft:sand":1,"minecraft:dirt":45,"minecraft:netherrack":1,"minecraft:gold_ore":2,"minecraft:oak_leaves":4,"minecraft:deepslate":1953,"minecraft:fern":2},"minecraft:custom":{"minecraft:mob_kills":37,"minecraft:interact_with_crafting_table":42,"minecraft:open_barrel":3,"minecraft:damage_dealt_resisted":348,"minecraft:leave_game":7,"minecraft:time_since_death":144078,"minecraft:sprint_one_cm":433936,"minecraft:walk_one_cm":536490,"minecraft:drop":55,"minecraft:play_time":152920,"minecraft:sneak_time":11406,"minecraft:deaths":2,"minecraft:walk_under_water_one_cm":1566,"minecraft:jump":2392,"minecraft:walk_on_water_one_cm":6341,"minecraft:total_world_time":152920,"minecraft:interact_with_furnace":84,"minecraft:time_since_rest":144106,"minecraft:damage_taken":1692,"minecraft:damage_dealt":6983,"minecraft:fly_one_cm":416579,"minecraft:open_chest":39,"minecraft:crouch_one_cm":25846,"minecraft:fall_one_cm":53050},"minecraft:picked_up":{"minecraft:crafting_table":4,"minecraft:chicken":3,"minecraft:brown_mushroom":1,"minecraft:lead":2,"minecraft:wooden_pickaxe":3,"minecraft:gold_block":1,"minecraft:raw_copper":38,"minecraft:gold_nugget":7,"minecraft:cobbled_deepslate":1073,"minecraft:spruce_planks":3,"minecraft:beef":9,"minecraft:rose_bush":4,"minecraft:poppy":2,"minecraft:chest":2,"minecraft:furnace":1,"minecraft:egg":3,"minecraft:dark_oak_sapling":1,"minecraft:stick":30,"minecraft:raw_iron":79,"minecraft:torch":1,"minecraft:porkchop":4,"minecraft:redstone":49,"minecraft:brown_carpet":2,"farmersdelight:fried_egg":1,"minecraft:arrow":1,"minecraft:rotten_flesh":8,"minecraft:hay_block":6,"gnumus:gnumus_chickpeas":3,"minecraft:cobblestone":414,"minecraft:feather":2,"minecraft:lilac":6,"minecraft:andesite":13,"minecraft:jungle_log":3,"minecraft:leather":8,"gnumus:gnumus_pouch":1,"minecraft:flint":7,"minecraft:tuff":80,"minecraft:oak_log":27,"minecraft:gunpowder":4,"minecraft:dirt":234,"brewery:hops_seeds":22,"minecraft:bone":3,"minecraft:apple":1,"minecraft:wheat_seeds":1,"minecraft:raw_gold":7,"minecraft:stone_pickaxe":1,"minecraft:iron_ingot":12,"minecraft:iron_sword":1,"minecraft:oak_planks":95,"born_in_chaos_v1:ethereal_spirit":1,"minecraft:raw_iron_block":1,"minecraft:gravel":65,"minecraft:spruce_sapling":17,"minecraft:spruce_log":116,"minecraft:dark_oak_log":2,"gnumus:gnumus_clay":5,"minecraft:diamond":4,"minecraft:stone_axe":1,"minecraft:granite":16,"minecraft:oak_sapling":11,"minecraft:netherrack":1,"minecraft:coal":51,"minecraft:sunflower":8},"minecraft:broken":{"minecraft:golden_axe":1,"minecraft:iron_pickaxe":2},"minecraft:killed_by":{"born_in_chaos_v1:zombie_clown":1},"minecraft:crafted":{"minecraft:oak_planks":108,"minecraft:raw_iron":9,"brewery:fried_chicken":3,"minecraft:cooked_chicken":3,"brewery:sausage":9,"minecraft:furnace":1,"vanillaplustools:iron_hammer":1,"minecraft:iron_boots":1,"minecraft:stone_pickaxe":1,"minecraft:chest":10,"minecraft:wheat":54,"minecraft:cooked_beef":9,"minecraft:crafting_table":7,"brewery:pork_knuckle":3,"minecraft:spruce_planks":400,"minecraft:wooden_pickaxe":1,"minecraft:iron_helmet":1,"minecraft:iron_sword":1,"minecraft:spruce_door":3,"minecraft:bucket":1,"minecraft:stone_axe":1,"minecraft:bread":18,"minecraft:air":0,"farmersdelight:fried_egg":3,"minecraft:iron_chestplate":1,"minecraft:stick":56,"minecraft:iron_ingot":73,"minecraft:iron_pickaxe":13,"minecraft:wooden_axe":1,"handcrafted:hammer":1,"minecraft:stone_sword":1,"minecraft:iron_shovel":1,"minecraft:iron_leggings":1,"minecraft:torch":96},"minecraft:dropped":{"minecraft:iron_ingot":10,"minecraft:bread":8,"minecraft:iron_sword":1,"minecraft:lilac":2,"gnumus:overripe_carrot":3,"minecraft:dark_oak_sapling":1,"minecraft:feather":2,"minecraft:cobblestone":58,"minecraft:granite":6,"minecraft:stick":6,"minecraft:gold_block":1,"minecraft:dirt":86,"minecraft:dark_oak_log":2,"gnumus:gnumus_claw":1,"minecraft:wooden_axe":1,"minecraft:rose_bush":4,"gravestone:obituary":1,"minecraft:gold_nugget":1,"minecraft:sunflower":4,"minecraft:spruce_sapling":6,"minecraft:gravel":2,"minecraft:stone_axe":1,"minecraft:iron_nugget":3,"minecraft:rotten_flesh":8,"minecraft:oak_planks":60,"brewery:sausage":6,"minecraft:poppy":1,"minecraft:gunpowder":2,"farmersdelight:fried_egg":1,"minecraft:jungle_log":3,"minecraft:oak_sapling":8,"brewery:hops_seeds":22,"minecraft:brown_carpet":2,"minecraft:wooden_pickaxe":2,"minecraft:stone_pickaxe":1,"minecraft:arrow":1,"minecraft:netherrack":1},"minecraft:used":{"brewery:pork_knuckle":5,"minecraft:stone_sword":33,"minecraft:iron_shovel":153,"born_in_chaos_v1:ethereal_spirit":3,"minecraft:poppy":1,"minecraft:chest":12,"minecraft:spruce_planks":136,"minecraft:iron_sword":79,"brewery:fried_chicken":1,"minecraft:torch":10,"minecraft:dirt":15,"brewery:sausage":3,"minecraft:granite":1,"minecraft:wooden_axe":20,"minecraft:golden_sword":30,"minecraft:oak_sapling":3,"minecraft:furnace":2,"minecraft:cobbled_deepslate":59,"minecraft:golden_axe":36,"farmersdelight:fried_egg":3,"minecraft:spruce_door":1,"minecraft:stone_pickaxe":16,"minecraft:oak_planks":59,"minecraft:wooden_pickaxe":8,"minecraft:crafting_table":11,"minecraft:apple":1,"gnumus:gnumus_chickpeas":3,"minecraft:bread":10,"minecraft:iron_pickaxe":663,"minecraft:stone_axe":101,"minecraft:cobblestone":86,"vanillaplustools:iron_hammer":239}},"DataVersion":3465}