{"stats":{"minecraft:picked_up":{"minecraft:brown_mushroom":1,"minecraft:wheat_seeds":1,"minecraft:dirt":16},"minecraft:custom":{"minecraft:jump":153,"minecraft:time_since_rest":5015,"minecraft:walk_on_water_one_cm":142,"minecraft:damage_dealt":48,"minecraft:walk_one_cm":25306,"minecraft:leave_game":3,"minecraft:play_time":7616,"minecraft:sprint_one_cm":33225,"minecraft:damage_taken":478,"minecraft:time_since_death":4961,"minecraft:deaths":1,"minecraft:sneak_time":5,"minecraft:total_world_time":7616,"minecraft:walk_under_water_one_cm":1216,"minecraft:fly_one_cm":27070,"minecraft:fall_one_cm":8315},"minecraft:killed_by":{"born_in_chaos_v1:zombie_clown":1},"minecraft:mined":{"minecraft:grass":2,"minecraft:oak_leaves":2,"minecraft:dark_oak_leaves":3}},"DataVersion":3465}