{"stats":{"minecraft:killed":{"born_in_chaos_v1:missioner":1,"minecraft:spider":1,"born_in_chaos_v1:siamese_skeletonsright":1,"born_in_chaos_v1:maggot":2,"minecraft:skeleton":2,"artifacts:mimic":1,"minecraft:pig":3,"minecraft:zombie_villager":1,"born_in_chaos_v1:diamond_termite":4,"born_in_chaos_v1:baby_skeleton":1,"minecraft:salmon":12,"gnumus:big_snout":1,"born_in_chaos_v1:decrepit_skeleton":5,"alexsmobs:catfish":1,"born_in_chaos_v1:corpse_fly":15,"born_in_chaos_v1:siamese_skeletonsleft":1},"minecraft:mined":{"minecraft:large_amethyst_bud":3,"minecraft:spruce_planks":6,"minecraft:deepslate_diamond_ore":3,"born_in_chaos_v1:infected_diamond_ore":7,"biomesoplenty:bush":16,"minecraft:glow_lichen":2,"minecraft:granite":501,"gravestone:gravestone":1,"minecraft:budding_amethyst":1,"biomesoplenty:umbran_planks":14,"biomesoplenty:bramble":1,"minecraft:grass_block":94,"born_in_chaos_v1:black_argillite":116,"minecraft:coal_block":2,"minecraft:polished_diorite":60,"minecraft:spruce_leaves":5,"minecraft:magma_block":4,"minecraft:furnace":8,"minecraft:iron_ore":194,"minecraft:cobbled_deepslate":11,"minecraft:andesite":976,"treechop:chopped_log":9,"minecraft:deepslate_lapis_ore":4,"biomesoplenty:fir_door":1,"biomesoplenty:high_grass":1,"biomesoplenty:fir_stairs":16,"minecraft:vine":4,"minecraft:stone":5331,"minecraft:spruce_slab":3,"minecraft:deepslate_redstone_ore":7,"biomesoplenty:glowworm_silk":1,"minecraft:medium_amethyst_bud":1,"minecraft:amethyst_cluster":3,"born_in_chaos_v1:infected_deepslate_diamond_ore":1,"minecraft:clay":1,"minecraft:torch":3,"minecraft:crafting_table":4,"minecraft:blast_furnace":2,"minecraft:calcite":5,"biomesoplenty:fir_planks":165,"minecraft:chest":6,"biomesoplenty:dead_stairs":6,"minecraft:glass":1,"biomesoplenty:high_grass_plant":3,"minecraft:copper_ore":60,"minecraft:cobblestone":441,"biomesoplenty:sprout":7,"minecraft:deepslate_gold_ore":13,"minecraft:lapis_ore":13,"minecraft:diorite":1084,"minecraft:wall_torch":22,"minecraft:amethyst_block":3,"minecraft:polished_diorite_stairs":3,"minecraft:magenta_bed":1,"biomesoplenty:fir_log":8,"minecraft:grass":16,"minecraft:oak_log":9,"minecraft:coal_ore":339,"minecraft:gravel":12,"minecraft:dirt":124,"minecraft:smooth_basalt":6,"biomesoplenty:dead_planks":24,"minecraft:gold_ore":7,"minecraft:oak_leaves":18,"minecraft:deepslate":1068,"minecraft:fern":1},"minecraft:custom":{"minecraft:mob_kills":53,"minecraft:interact_with_crafting_table":82,"minecraft:damage_dealt_resisted":382,"minecraft:eat_cake_slice":3,"minecraft:leave_game":5,"minecraft:time_since_death":255313,"minecraft:climb_one_cm":3486,"minecraft:sprint_one_cm":193725,"minecraft:walk_one_cm":1317271,"minecraft:damage_blocked_by_shield":275,"minecraft:drop":203,"minecraft:play_time":299735,"minecraft:sneak_time":7227,"minecraft:deaths":1,"minecraft:walk_under_water_one_cm":38486,"minecraft:jump":2443,"minecraft:interact_with_blast_furnace":13,"minecraft:walk_on_water_one_cm":35875,"minecraft:total_world_time":299735,"minecraft:interact_with_furnace":80,"minecraft:sleep_in_bed":3,"minecraft:time_since_rest":41700,"minecraft:damage_taken":2112,"minecraft:damage_dealt":7553,"minecraft:swim_one_cm":39455,"minecraft:fly_one_cm":246844,"minecraft:open_chest":93,"minecraft:crouch_one_cm":18984,"minecraft:fall_one_cm":52983},"minecraft:picked_up":{"born_in_chaos_v1:diamond_termite_shard":4,"born_in_chaos_v1:charmof_stealth":1,"minecraft:crafting_table":4,"minecraft:clay_ball":4,"minecraft:amethyst_block":4,"born_in_chaos_v1:black_argillite":104,"biomesoplenty:fir_door":4,"minecraft:raw_copper":290,"artifacts:feral_claws":1,"born_in_chaos_v1:intoxicating_decoction":2,"vanillaplustools:stone_shovel":1,"biomesoplenty:dead_sapling":11,"minecraft:candle":1,"minecraft:cobbled_deepslate":1086,"biomesoplenty:fir_planks":183,"born_in_chaos_v1:charmof_power":1,"minecraft:spruce_planks":74,"minecraft:calcite":4,"minecraft:spruce_slab":3,"minecraft:coal_block":2,"minecraft:chest":6,"minecraft:furnace":8,"minecraft:stick":137,"minecraft:raw_iron":203,"born_in_chaos_v1:shattered_skull":2,"minecraft:big_dripleaf":3,"gnumus:juicy_meat":4,"minecraft:torch":31,"sophisticatedbackpacks:backpack":1,"biomesoplenty:umbran_planks":14,"minecraft:porkchop":6,"minecraft:diorite":1024,"born_in_chaos_v1:pieceofdarkmetal":8,"minecraft:redstone":31,"minecraft:arrow":5,"minecraft:rotten_flesh":6,"biomesoplenty:umbran_sapling":27,"minecraft:glow_berries":13,"minecraft:cobblestone":5119,"born_in_chaos_v1:fused_bone":9,"born_in_chaos_v1:corpse_maggot":15,"minecraft:magma_block":4,"gnumus:gnumus_doubloons":9,"minecraft:andesite":649,"minecraft:salmon":9,"biomesoplenty:dead_stairs":6,"biomesoplenty:dead_log":107,"biomesoplenty:fir_sapling":19,"biomesoplenty:fir_log":311,"minecraft:oak_log":9,"minecraft:magenta_bed":1,"biomesoplenty:fir_stairs":15,"minecraft:lapis_lazuli":86,"minecraft:dirt":200,"vanillaplustools:iron_hammer":1,"minecraft:glass":41,"minecraft:bone":12,"minecraft:apple":1,"minecraft:wheat_seeds":5,"minecraft:raw_gold":21,"minecraft:iron_ingot":6,"biomesoplenty:umbran_log":162,"minecraft:smooth_basalt":5,"minecraft:sweet_berries":9,"born_in_chaos_v1:ethereal_spirit":3,"born_in_chaos_v1:bone_heart":1,"minecraft:gravel":12,"biomesoplenty:dead_planks":24,"minecraft:amethyst_shard":12,"minecraft:spruce_sapling":7,"minecraft:blast_furnace":2,"minecraft:spruce_log":49,"minecraft:polished_diorite_stairs":3,"alexsmobs:raw_catfish":1,"minecraft:diamond":3,"minecraft:polished_diorite":60,"minecraft:stone_axe":5,"minecraft:granite":527,"minecraft:bone_meal":1,"minecraft:bread":5,"minecraft:oak_sapling":11,"minecraft:coal":352},"minecraft:killed_by":{"born_in_chaos_v1:corpse_fly":1},"minecraft:broken":{"vanillaplustools:iron_hammer":3,"minecraft:stone_pickaxe":2,"vanillaplustools:stone_hammer":3,"minecraft:iron_axe":1,"minecraft:wooden_sword":1,"minecraft:stone_axe":1,"minecraft:iron_pickaxe":1},"minecraft:crafted":{"biomesoplenty:fir_stairs":40,"minecraft:wooden_sword":1,"minecraft:smooth_stone":6,"gnumus:grilled_juicy_meat":4,"minecraft:stone_shovel":9,"vanillaplustools:stone_hammer":4,"minecraft:furnace":14,"minecraft:blast_furnace":1,"minecraft:stone":6,"biomesoplenty:dead_stairs":64,"vanillaplustools:iron_hammer":3,"minecraft:iron_boots":1,"minecraft:polished_diorite":564,"minecraft:iron_axe":1,"minecraft:stone_pickaxe":40,"minecraft:chest":10,"vanillaplustools:stone_shovel":1,"minecraft:redstone_block":3,"minecraft:coal_block":22,"biomesoplenty:umbran_planks":256,"biomesoplenty:dead_planks":240,"minecraft:diamond_sword":1,"minecraft:cooked_porkchop":6,"minecraft:crafting_table":10,"minecraft:spruce_planks":196,"minecraft:wooden_pickaxe":1,"minecraft:iron_helmet":1,"minecraft:raw_gold_block":2,"minecraft:cooked_salmon":5,"minecraft:stone_axe":10,"minecraft:air":0,"biomesoplenty:fir_planks":283,"minecraft:iron_chestplate":1,"minecraft:shield":1,"minecraft:stick":184,"minecraft:iron_ingot":177,"minecraft:iron_pickaxe":28,"minecraft:wooden_axe":1,"minecraft:iron_block":6,"minecraft:iron_leggings":1,"minecraft:torch":80,"minecraft:polished_diorite_stairs":112,"minecraft:lapis_block":9,"biomesoplenty:fir_door":6},"minecraft:dropped":{"born_in_chaos_v1:intoxicating_decoction":1,"minecraft:wheat_seeds":5,"minecraft:cobblestone":2836,"minecraft:amethyst_block":2,"minecraft:granite":351,"biomesoplenty:fir_sapling":19,"minecraft:stick":27,"minecraft:dirt":13,"born_in_chaos_v1:black_argillite":104,"minecraft:diorite":247,"minecraft:wooden_axe":1,"born_in_chaos_v1:fused_bone":4,"minecraft:bone_meal":1,"gravestone:obituary":1,"biomesoplenty:fir_door":5,"minecraft:smooth_stone":3,"vanillaplustools:iron_hammer":1,"minecraft:smooth_basalt":3,"minecraft:bone":3,"minecraft:redstone":4,"minecraft:gravel":12,"minecraft:furnace":2,"minecraft:stone_axe":13,"vanillaplustools:stone_shovel":1,"minecraft:cobbled_deepslate":959,"alexsmobs:animal_dictionary":1,"minecraft:raw_copper":231,"minecraft:raw_iron":12,"minecraft:rotten_flesh":2,"minecraft:clay_ball":4,"minecraft:big_dripleaf":3,"gnumus:gnumus_doubloons":6,"biomesoplenty:dead_sapling":11,"biomesoplenty:umbran_sapling":27,"minecraft:andesite":433,"born_in_chaos_v1:corpse_maggot":1,"minecraft:oak_sapling":11,"born_in_chaos_v1:diamond_termite_shard":4,"minecraft:glass":41,"minecraft:arrow":2,"minecraft:stone_pickaxe":1,"minecraft:wooden_pickaxe":1,"minecraft:raw_gold":2,"minecraft:calcite":3,"born_in_chaos_v1:bone_heart":1},"minecraft:used":{"minecraft:spruce_slab":3,"minecraft:chest":16,"minecraft:spruce_planks":14,"minecraft:shield":10,"vanillaplustools:stone_hammer":461,"minecraft:cooked_salmon":1,"minecraft:rotten_flesh":4,"minecraft:torch":72,"minecraft:dirt":16,"minecraft:granite":1,"minecraft:polished_diorite":326,"minecraft:glass":5,"born_in_chaos_v1:corpse_maggot":13,"minecraft:wooden_axe":10,"minecraft:iron_axe":254,"biomesoplenty:dead_stairs":33,"minecraft:smooth_basalt":2,"minecraft:sweet_berries":10,"minecraft:furnace":19,"minecraft:polished_diorite_stairs":96,"minecraft:cobbled_deepslate":12,"gnumus:grilled_juicy_meat":4,"minecraft:calcite":1,"minecraft:diorite":16,"minecraft:amethyst_block":2,"minecraft:stone_pickaxe":435,"minecraft:wooden_pickaxe":6,"biomesoplenty:fir_planks":171,"minecraft:glow_berries":24,"minecraft:crafting_table":13,"minecraft:magenta_bed":1,"minecraft:blast_furnace":3,"vanillaplustools:stone_shovel":31,"biomesoplenty:dead_planks":99,"biomesoplenty:umbran_planks":222,"minecraft:apple":1,"minecraft:bread":5,"minecraft:iron_pickaxe":250,"biomesoplenty:fir_stairs":45,"minecraft:stone_axe":131,"biomesoplenty:fir_door":2,"minecraft:diamond_sword":111,"minecraft:coal_block":2,"minecraft:wooden_sword":59,"minecraft:cobblestone":646,"vanillaplustools:iron_hammer":749,"minecraft:cooked_porkchop":6,"minecraft:andesite":21,"alexsmobs:animal_dictionary":1,"biomesoplenty:fir_log":78,"minecraft:candle":1}},"DataVersion":3465}