{"stats":{"minecraft:killed":{"minecraft:cave_spider":2,"born_in_chaos_v1:zombie_lumberjack":1,"minecraft:spider":1,"born_in_chaos_v1:siamese_skeletonsright":2,"minecraft:skeleton":4,"artifacts:mimic":1,"minecraft:pig":3,"alexsmobs:grizzly_bear":1,"born_in_chaos_v1:diamond_termite":4,"minecraft:zombie_villager":1,"minecraft:salmon":12,"gnumus:big_snout":1,"cataclysm:deepling_brute":1,"minecraft:zombie":1,"born_in_chaos_v1:corpse_fly":15,"born_in_chaos_v1:siamese_skeletonsleft":1,"born_in_chaos_v1:missioner":1,"born_in_chaos_v1:zombie_bruiser":1,"born_in_chaos_v1:maggot":8,"gnumus:gnumus_hunter":2,"minecraft:drowned":2,"born_in_chaos_v1:corpse_fish":2,"born_in_chaos_v1:baby_skeleton":1,"born_in_chaos_v1:decrepit_skeleton":6,"alexsmobs:catfish":1},"minecraft:mined":{"minecraft:large_amethyst_bud":3,"minecraft:spruce_planks":6,"minecraft:granite":684,"minecraft:budding_amethyst":1,"biomesoplenty:umbran_planks":30,"biomesoplenty:bramble":1,"minecraft:grass_block":136,"minecraft:coal_block":2,"minecraft:polished_diorite":135,"minecraft:magma_block":4,"minecraft:iron_ore":236,"minecraft:cobbled_deepslate":15,"minecraft:deepslate_lapis_ore":14,"minecraft:azure_bluet":1,"minecraft:pointed_dripstone":1,"minecraft:spruce_slab":3,"minecraft:deepslate_redstone_ore":7,"biomesoplenty:glowworm_silk":1,"minecraft:medium_amethyst_bud":1,"minecraft:amethyst_cluster":3,"minecraft:clay":1,"born_in_chaos_v1:infected_deepslate_diamond_ore":1,"minecraft:torch":6,"minecraft:blast_furnace":2,"minecraft:calcite":5,"minecraft:chest":6,"minecraft:glass":9,"minecraft:cobblestone":522,"minecraft:wall_torch":38,"minecraft:amethyst_block":3,"minecraft:deepslate_copper_ore":8,"minecraft:polished_diorite_stairs":3,"minecraft:magenta_bed":1,"biomesoplenty:fir_log":8,"minecraft:grass":20,"biomesoplenty:clover":1,"minecraft:oak_log":11,"minecraft:dirt":370,"minecraft:smooth_basalt":6,"minecraft:oak_leaves":21,"minecraft:deepslate":1994,"minecraft:deepslate_diamond_ore":3,"born_in_chaos_v1:infected_diamond_ore":7,"minecraft:glow_lichen":2,"gravestone:gravestone":1,"biomesoplenty:bush":16,"born_in_chaos_v1:black_argillite":116,"minecraft:spruce_leaves":5,"minecraft:furnace":8,"minecraft:andesite":1327,"treechop:chopped_log":9,"biomesoplenty:sea_oats":1,"biomesoplenty:fir_door":2,"minecraft:vine":4,"biomesoplenty:fir_stairs":16,"biomesoplenty:high_grass":1,"minecraft:deepslate_iron_ore":25,"minecraft:lantern":2,"minecraft:stone":6594,"minecraft:glass_pane":10,"minecraft:lily_of_the_valley":1,"minecraft:crafting_table":4,"biomesoplenty:fir_planks":178,"biomesoplenty:dead_stairs":6,"biomesoplenty:high_grass_plant":5,"minecraft:tall_grass":2,"minecraft:copper_ore":74,"minecraft:lapis_ore":14,"biomesoplenty:sprout":8,"minecraft:deepslate_gold_ore":13,"minecraft:diorite":1371,"biomesoplenty:pink_daffodil":5,"minecraft:coal_ore":355,"minecraft:dripstone_block":3,"minecraft:gravel":109,"biomesoplenty:stringy_cobweb":2,"minecraft:cobweb":1,"biomesoplenty:dead_planks":24,"minecraft:gold_ore":7,"minecraft:fern":1},"minecraft:custom":{"minecraft:interact_with_crafting_table":102,"minecraft:open_barrel":6,"minecraft:eat_cake_slice":3,"minecraft:leave_game":6,"minecraft:time_since_death":380324,"minecraft:sprint_one_cm":288084,"minecraft:damage_blocked_by_shield":600,"minecraft:drop":286,"minecraft:play_time":424746,"minecraft:deaths":1,"minecraft:jump":3322,"minecraft:walk_on_water_one_cm":46455,"minecraft:interact_with_furnace":97,"minecraft:sleep_in_bed":6,"minecraft:damage_dealt":11713,"minecraft:crouch_one_cm":20296,"minecraft:mob_kills":76,"minecraft:damage_dealt_resisted":402,"minecraft:climb_one_cm":3486,"minecraft:walk_one_cm":1886406,"minecraft:sneak_time":7560,"minecraft:walk_under_water_one_cm":46363,"minecraft:interact_with_blast_furnace":22,"minecraft:total_world_time":424746,"minecraft:time_since_rest":54323,"minecraft:damage_taken":2825,"minecraft:trigger_trapped_chest":2,"minecraft:swim_one_cm":56253,"minecraft:fly_one_cm":339631,"minecraft:open_chest":136,"minecraft:fall_one_cm":75249},"minecraft:picked_up":{"born_in_chaos_v1:charmof_stealth":1,"minecraft:chainmail_boots":1,"gnumus:gnumus_claw":5,"minecraft:amethyst_block":4,"born_in_chaos_v1:black_argillite":104,"minecraft:string":3,"minecraft:raw_copper":370,"minecraft:iron_leggings":1,"vanillaplustools:stone_shovel":1,"biomesoplenty:dead_sapling":11,"minecraft:cobbled_deepslate":2515,"biomesoplenty:fir_planks":196,"born_in_chaos_v1:charmof_power":1,"minecraft:spruce_planks":74,"minecraft:calcite":4,"minecraft:coal_block":2,"minecraft:furnace":8,"minecraft:stick":137,"born_in_chaos_v1:shattered_skull":3,"minecraft:big_dripleaf":3,"minecraft:torch":57,"biomesoplenty:umbran_planks":30,"minecraft:porkchop":6,"minecraft:golden_axe":1,"minecraft:pointed_dripstone":2,"minecraft:diorite":1281,"minecraft:rotten_flesh":14,"born_in_chaos_v1:sea_terror_eye":2,"gnumus:gnumus_chickpeas":5,"minecraft:cobblestone":6485,"minecraft:magma_block":4,"gnumus:gnumus_doubloons":9,"minecraft:feather":4,"minecraft:jungle_log":2,"minecraft:andesite":969,"biomesoplenty:fir_log":311,"biomesoplenty:dead_log":107,"biomesoplenty:fir_sapling":19,"minecraft:flint":19,"biomesoplenty:fir_stairs":15,"minecraft:magenta_bed":1,"minecraft:dirt":466,"minecraft:lapis_lazuli":157,"minecraft:lantern":2,"gnumus:gnumus_pouch_2":1,"minecraft:bone":15,"minecraft:glass":82,"minecraft:wheat_seeds":5,"minecraft:raw_gold":21,"minecraft:lily_of_the_valley":1,"minecraft:trapped_chest":1,"minecraft:diamond":3,"minecraft:granite":703,"minecraft:bone_meal":1,"minecraft:bread":5,"biomesoplenty:pink_daffodil":5,"minecraft:oak_sapling":13,"born_in_chaos_v1:rotten_fish":10,"minecraft:crafting_table":4,"born_in_chaos_v1:diamond_termite_shard":4,"minecraft:azure_bluet":1,"minecraft:clay_ball":4,"biomesoplenty:fir_door":5,"artifacts:feral_claws":1,"born_in_chaos_v1:intoxicating_decoction":2,"minecraft:cartography_table":1,"minecraft:candle":1,"minecraft:spruce_slab":3,"minecraft:chest":6,"minecraft:raw_iron":276,"gnumus:juicy_meat":6,"minecraft:copper_ingot":2,"sophisticatedbackpacks:backpack":1,"born_in_chaos_v1:pieceofdarkmetal":8,"minecraft:redstone":31,"minecraft:arrow":6,"biomesoplenty:umbran_sapling":27,"gnumus:mouse_skin":4,"minecraft:glow_berries":13,"born_in_chaos_v1:fused_bone":9,"born_in_chaos_v1:corpse_maggot":17,"minecraft:salmon":9,"biomesoplenty:dead_stairs":6,"gnumus:gnumus_pouch":1,"minecraft:oak_log":13,"vanillaplustools:iron_hammer":1,"minecraft:apple":1,"minecraft:iron_ingot":7,"minecraft:stone_pickaxe":8,"biomesoplenty:umbran_log":162,"minecraft:smooth_basalt":5,"minecraft:sweet_berries":9,"born_in_chaos_v1:bone_heart":1,"born_in_chaos_v1:ethereal_spirit":3,"minecraft:dripstone_block":4,"minecraft:gravel":98,"biomesoplenty:dead_planks":24,"minecraft:amethyst_shard":12,"minecraft:spruce_sapling":7,"minecraft:blast_furnace":3,"minecraft:spruce_log":50,"minecraft:spider_eye":1,"minecraft:polished_diorite_stairs":3,"alexsmobs:raw_catfish":1,"minecraft:stone_axe":5,"minecraft:polished_diorite":133,"minecraft:melon_seeds":1,"minecraft:coal":382},"minecraft:killed_by":{"born_in_chaos_v1:corpse_fly":1},"minecraft:broken":{"vanillaplustools:iron_hammer":3,"minecraft:stone_pickaxe":3,"minecraft:wooden_sword":1,"minecraft:stone_axe":1,"vanillaplustools:stone_hammer":6,"minecraft:iron_axe":1,"minecraft:iron_pickaxe":1},"minecraft:crafted":{"minecraft:smooth_stone":6,"minecraft:oak_planks":16,"gnumus:grilled_juicy_meat":6,"minecraft:stone":6,"vanillaplustools:iron_hammer":3,"minecraft:iron_boots":1,"minecraft:chest":10,"vanillaplustools:stone_shovel":1,"alexsmobs:cooked_catfish":1,"minecraft:cooked_porkchop":6,"minecraft:crafting_table":12,"minecraft:spruce_planks":200,"minecraft:wooden_pickaxe":1,"minecraft:iron_helmet":1,"minecraft:raw_gold_block":3,"biomesoplenty:fir_planks":375,"minecraft:iron_chestplate":1,"minecraft:shield":2,"minecraft:stick":216,"minecraft:iron_ingot":258,"minecraft:iron_pickaxe":28,"minecraft:iron_block":15,"minecraft:polished_diorite_stairs":112,"biomesoplenty:fir_door":6,"biomesoplenty:fir_stairs":40,"minecraft:wooden_sword":1,"minecraft:stone_shovel":9,"vanillaplustools:stone_hammer":7,"minecraft:iron_nugget":45,"minecraft:furnace":14,"minecraft:blast_furnace":1,"minecraft:glass_pane":16,"biomesoplenty:dead_stairs":64,"minecraft:lantern":4,"minecraft:polished_diorite":592,"minecraft:iron_axe":1,"minecraft:stone_pickaxe":69,"minecraft:redstone_block":3,"minecraft:coal_block":22,"biomesoplenty:umbran_planks":512,"biomesoplenty:dead_planks":240,"minecraft:diamond_sword":1,"minecraft:cooked_salmon":9,"minecraft:stone_axe":11,"minecraft:jungle_planks":8,"minecraft:air":0,"minecraft:wooden_axe":1,"minecraft:iron_leggings":1,"minecraft:torch":80,"minecraft:lapis_block":16},"minecraft:dropped":{"minecraft:lapis_lazuli":7,"biomesoplenty:fir_sapling":19,"minecraft:dirt":134,"gravestone:obituary":1,"minecraft:bone_meal":1,"vanillaplustools:iron_hammer":1,"minecraft:bone":5,"minecraft:gravel":96,"minecraft:stone_axe":13,"vanillaplustools:stone_shovel":1,"alexsmobs:animal_dictionary":1,"minecraft:cobbled_deepslate":2510,"minecraft:pointed_dripstone":2,"minecraft:rotten_flesh":2,"gnumus:gnumus_doubloons":6,"born_in_chaos_v1:corpse_maggot":1,"minecraft:chainmail_boots":1,"born_in_chaos_v1:diamond_termite_shard":4,"minecraft:arrow":2,"minecraft:glass":41,"minecraft:cartography_table":1,"born_in_chaos_v1:intoxicating_decoction":1,"born_in_chaos_v1:shattered_skull":1,"minecraft:wheat_seeds":5,"minecraft:dripstone_block":1,"minecraft:golden_axe":1,"minecraft:cobblestone":4150,"minecraft:amethyst_block":2,"minecraft:granite":609,"minecraft:copper_ingot":2,"minecraft:stick":27,"born_in_chaos_v1:black_argillite":104,"minecraft:diorite":247,"minecraft:wooden_axe":1,"born_in_chaos_v1:fused_bone":4,"minecraft:iron_leggings":1,"biomesoplenty:fir_door":5,"minecraft:smooth_stone":3,"minecraft:paper":8,"minecraft:string":3,"minecraft:trapped_chest":1,"biomesoplenty:fir_stairs":1,"minecraft:smooth_basalt":3,"minecraft:redstone":4,"minecraft:furnace":2,"minecraft:raw_copper":240,"minecraft:raw_iron":12,"minecraft:clay_ball":4,"biomesoplenty:dead_sapling":11,"minecraft:big_dripleaf":3,"biomesoplenty:umbran_sapling":27,"minecraft:andesite":612,"minecraft:oak_sapling":11,"minecraft:spider_eye":1,"minecraft:wooden_pickaxe":1,"minecraft:stone_pickaxe":3,"minecraft:raw_gold":2,"minecraft:calcite":3,"born_in_chaos_v1:bone_heart":1},"minecraft:used":{"minecraft:spruce_slab":3,"minecraft:chest":16,"minecraft:shield":27,"minecraft:rotten_flesh":4,"minecraft:lily_of_the_valley":1,"minecraft:azure_bluet":1,"born_in_chaos_v1:corpse_maggot":14,"minecraft:glass":33,"minecraft:lantern":6,"minecraft:sweet_berries":10,"minecraft:furnace":19,"minecraft:polished_diorite_stairs":96,"gnumus:grilled_juicy_meat":4,"minecraft:diorite":16,"minecraft:stone_pickaxe":610,"minecraft:wooden_pickaxe":6,"biomesoplenty:fir_planks":296,"minecraft:glow_berries":24,"minecraft:blast_furnace":4,"biomesoplenty:dead_planks":99,"minecraft:dripstone_block":1,"biomesoplenty:umbran_planks":359,"gnumus:gnumus_chickpeas":4,"minecraft:bread":5,"biomesoplenty:fir_stairs":45,"minecraft:gravel":2,"minecraft:diamond_sword":193,"minecraft:coal_block":2,"minecraft:wooden_sword":59,"born_in_chaos_v1:rotten_fish":1,"minecraft:andesite":21,"minecraft:spruce_planks":14,"vanillaplustools:stone_hammer":874,"minecraft:cooked_salmon":9,"minecraft:torch":122,"minecraft:dirt":101,"minecraft:granite":1,"minecraft:polished_diorite":544,"minecraft:wooden_axe":10,"minecraft:iron_axe":254,"biomesoplenty:dead_stairs":33,"minecraft:smooth_basalt":2,"minecraft:cobbled_deepslate":29,"minecraft:calcite":1,"alexsmobs:cooked_catfish":1,"minecraft:amethyst_block":2,"minecraft:crafting_table":16,"minecraft:magenta_bed":1,"vanillaplustools:stone_shovel":90,"minecraft:apple":1,"biomesoplenty:pink_daffodil":3,"minecraft:iron_pickaxe":250,"minecraft:stone_axe":148,"minecraft:cobblestone":765,"biomesoplenty:fir_door":6,"vanillaplustools:iron_hammer":749,"minecraft:cooked_porkchop":6,"minecraft:glass_pane":10,"alexsmobs:animal_dictionary":1,"biomesoplenty:fir_log":78,"minecraft:candle":1}},"DataVersion":3465}