{"stats":{"minecraft:killed":{"minecraft:spider":1,"born_in_chaos_v1:maggot":1,"minecraft:skeleton":1,"artifacts:mimic":1,"minecraft:pig":3,"born_in_chaos_v1:diamond_termite":4,"gnumus:big_snout":1,"born_in_chaos_v1:corpse_fly":15},"minecraft:mined":{"minecraft:large_amethyst_bud":3,"minecraft:spruce_planks":6,"minecraft:deepslate_diamond_ore":3,"born_in_chaos_v1:infected_diamond_ore":7,"biomesoplenty:bramble":1,"minecraft:glow_lichen":2,"gravestone:gravestone":1,"minecraft:granite":418,"minecraft:budding_amethyst":1,"biomesoplenty:umbran_planks":12,"biomesoplenty:bush":3,"minecraft:grass_block":29,"born_in_chaos_v1:black_argillite":116,"minecraft:coal_block":2,"minecraft:polished_diorite":43,"minecraft:spruce_leaves":5,"minecraft:magma_block":4,"minecraft:furnace":8,"minecraft:iron_ore":186,"minecraft:cobbled_deepslate":3,"minecraft:andesite":913,"treechop:chopped_log":9,"minecraft:deepslate_lapis_ore":4,"biomesoplenty:fir_stairs":16,"biomesoplenty:high_grass":1,"minecraft:vine":4,"minecraft:stone":5015,"minecraft:spruce_slab":3,"minecraft:deepslate_redstone_ore":7,"biomesoplenty:glowworm_silk":1,"minecraft:medium_amethyst_bud":1,"minecraft:amethyst_cluster":3,"minecraft:crafting_table":1,"minecraft:clay":1,"born_in_chaos_v1:infected_deepslate_diamond_ore":1,"minecraft:blast_furnace":1,"minecraft:calcite":5,"biomesoplenty:fir_planks":45,"minecraft:chest":4,"biomesoplenty:dead_stairs":6,"biomesoplenty:high_grass_plant":3,"minecraft:copper_ore":54,"minecraft:cobblestone":233,"minecraft:lapis_ore":13,"biomesoplenty:sprout":7,"minecraft:deepslate_gold_ore":13,"minecraft:diorite":1084,"minecraft:wall_torch":12,"minecraft:amethyst_block":3,"biomesoplenty:fir_log":8,"minecraft:grass":8,"minecraft:coal_ore":318,"minecraft:gravel":2,"minecraft:dirt":59,"biomesoplenty:dead_planks":3,"minecraft:smooth_basalt":6,"minecraft:gold_ore":7,"minecraft:oak_leaves":6,"minecraft:deepslate":1068,"minecraft:fern":1},"minecraft:dropped":{"born_in_chaos_v1:intoxicating_decoction":1,"minecraft:wheat_seeds":3,"minecraft:cobblestone":2836,"minecraft:amethyst_block":2,"minecraft:granite":351,"biomesoplenty:fir_sapling":19,"minecraft:stick":27,"minecraft:dirt":13,"born_in_chaos_v1:black_argillite":104,"minecraft:diorite":247,"minecraft:wooden_axe":1,"born_in_chaos_v1:fused_bone":4,"gravestone:obituary":1,"biomesoplenty:fir_door":5,"minecraft:smooth_stone":3,"vanillaplustools:iron_hammer":1,"minecraft:smooth_basalt":3,"minecraft:bone":3,"minecraft:redstone":4,"minecraft:furnace":2,"minecraft:gravel":2,"minecraft:stone_axe":13,"vanillaplustools:stone_shovel":1,"minecraft:cobbled_deepslate":959,"alexsmobs:animal_dictionary":1,"minecraft:raw_copper":212,"minecraft:raw_iron":12,"minecraft:clay_ball":4,"biomesoplenty:dead_sapling":6,"minecraft:big_dripleaf":3,"gnumus:gnumus_doubloons":6,"biomesoplenty:umbran_sapling":27,"minecraft:andesite":363,"born_in_chaos_v1:corpse_maggot":1,"born_in_chaos_v1:diamond_termite_shard":4,"minecraft:arrow":2,"minecraft:wooden_pickaxe":1,"minecraft:stone_pickaxe":1,"minecraft:raw_gold":2,"minecraft:calcite":3,"born_in_chaos_v1:bone_heart":1},"minecraft:crafted":{"biomesoplenty:fir_stairs":36,"minecraft:wooden_sword":1,"minecraft:smooth_stone":6,"gnumus:grilled_juicy_meat":4,"minecraft:stone_shovel":9,"vanillaplustools:stone_hammer":3,"minecraft:furnace":14,"minecraft:blast_furnace":1,"minecraft:stone":6,"biomesoplenty:dead_stairs":64,"vanillaplustools:iron_hammer":3,"minecraft:iron_boots":1,"minecraft:polished_diorite":372,"minecraft:iron_axe":1,"minecraft:stone_pickaxe":30,"minecraft:chest":10,"vanillaplustools:stone_shovel":1,"minecraft:redstone_block":3,"biomesoplenty:umbran_planks":256,"minecraft:coal_block":22,"biomesoplenty:dead_planks":240,"minecraft:diamond_sword":1,"minecraft:cooked_porkchop":6,"minecraft:crafting_table":9,"minecraft:spruce_planks":196,"minecraft:iron_helmet":1,"minecraft:wooden_pickaxe":1,"minecraft:raw_gold_block":2,"minecraft:stone_axe":9,"minecraft:air":0,"biomesoplenty:fir_planks":283,"minecraft:iron_chestplate":1,"minecraft:shield":1,"minecraft:stick":184,"minecraft:iron_ingot":177,"minecraft:iron_pickaxe":28,"minecraft:wooden_axe":1,"minecraft:iron_block":6,"minecraft:iron_leggings":1,"minecraft:torch":32,"minecraft:lapis_block":9,"biomesoplenty:fir_door":3},"minecraft:broken":{"vanillaplustools:iron_hammer":3,"minecraft:stone_pickaxe":1,"vanillaplustools:stone_hammer":2,"minecraft:wooden_sword":1,"minecraft:iron_pickaxe":1},"minecraft:picked_up":{"minecraft:crafting_table":1,"born_in_chaos_v1:diamond_termite_shard":4,"minecraft:clay_ball":4,"minecraft:amethyst_block":4,"born_in_chaos_v1:black_argillite":104,"biomesoplenty:fir_door":3,"minecraft:raw_copper":271,"artifacts:feral_claws":1,"born_in_chaos_v1:intoxicating_decoction":2,"vanillaplustools:stone_shovel":1,"biomesoplenty:dead_sapling":11,"minecraft:candle":1,"minecraft:cobbled_deepslate":1078,"biomesoplenty:fir_planks":63,"minecraft:spruce_planks":74,"minecraft:calcite":4,"minecraft:spruce_slab":3,"minecraft:coal_block":2,"minecraft:chest":4,"minecraft:furnace":8,"minecraft:stick":124,"minecraft:raw_iron":195,"minecraft:big_dripleaf":3,"gnumus:juicy_meat":4,"minecraft:torch":14,"biomesoplenty:umbran_planks":12,"minecraft:porkchop":6,"minecraft:diorite":1024,"minecraft:redstone":31,"minecraft:arrow":2,"minecraft:rotten_flesh":4,"biomesoplenty:umbran_sapling":27,"minecraft:glow_berries":13,"born_in_chaos_v1:fused_bone":7,"minecraft:cobblestone":4607,"born_in_chaos_v1:corpse_maggot":15,"minecraft:magma_block":4,"gnumus:gnumus_doubloons":9,"minecraft:andesite":586,"biomesoplenty:fir_sapling":19,"biomesoplenty:dead_stairs":6,"biomesoplenty:dead_log":107,"biomesoplenty:fir_log":311,"biomesoplenty:fir_stairs":15,"minecraft:lapis_lazuli":86,"minecraft:dirt":97,"vanillaplustools:iron_hammer":1,"minecraft:bone":3,"minecraft:wheat_seeds":5,"minecraft:raw_gold":21,"biomesoplenty:umbran_log":162,"minecraft:smooth_basalt":5,"minecraft:sweet_berries":9,"born_in_chaos_v1:bone_heart":1,"minecraft:gravel":2,"biomesoplenty:dead_planks":3,"minecraft:amethyst_shard":12,"minecraft:spruce_sapling":7,"minecraft:blast_furnace":1,"minecraft:spruce_log":49,"minecraft:polished_diorite":43,"minecraft:diamond":3,"minecraft:stone_axe":5,"minecraft:granite":444,"minecraft:bread":5,"minecraft:coal":316},"minecraft:killed_by":{"born_in_chaos_v1:corpse_fly":1},"minecraft:used":{"minecraft:spruce_slab":3,"minecraft:chest":14,"minecraft:spruce_planks":14,"minecraft:shield":7,"vanillaplustools:stone_hammer":375,"minecraft:rotten_flesh":4,"minecraft:torch":45,"minecraft:dirt":8,"minecraft:granite":1,"minecraft:polished_diorite":300,"born_in_chaos_v1:corpse_maggot":13,"minecraft:wooden_axe":10,"minecraft:iron_axe":237,"biomesoplenty:dead_stairs":33,"minecraft:smooth_basalt":2,"minecraft:sweet_berries":10,"minecraft:furnace":19,"minecraft:cobbled_deepslate":12,"gnumus:grilled_juicy_meat":2,"minecraft:calcite":1,"minecraft:diorite":16,"minecraft:amethyst_block":2,"minecraft:stone_pickaxe":313,"minecraft:wooden_pickaxe":6,"biomesoplenty:fir_planks":164,"minecraft:glow_berries":24,"minecraft:crafting_table":10,"minecraft:blast_furnace":2,"vanillaplustools:stone_shovel":6,"biomesoplenty:dead_planks":78,"biomesoplenty:umbran_planks":165,"minecraft:bread":5,"minecraft:iron_pickaxe":250,"biomesoplenty:fir_stairs":42,"biomesoplenty:fir_door":1,"minecraft:diamond_sword":34,"minecraft:coal_block":2,"minecraft:wooden_sword":59,"minecraft:cobblestone":581,"vanillaplustools:iron_hammer":749,"minecraft:cooked_porkchop":4,"minecraft:andesite":21,"alexsmobs:animal_dictionary":1,"biomesoplenty:fir_log":78,"minecraft:candle":1},"minecraft:custom":{"minecraft:mob_kills":28,"minecraft:interact_with_crafting_table":68,"minecraft:eat_cake_slice":3,"minecraft:leave_game":4,"minecraft:time_since_death":183098,"minecraft:climb_one_cm":3486,"minecraft:sprint_one_cm":155209,"minecraft:walk_one_cm":968525,"minecraft:damage_blocked_by_shield":130,"minecraft:drop":193,"minecraft:play_time":227520,"minecraft:deaths":1,"minecraft:sneak_time":6882,"minecraft:walk_under_water_one_cm":11102,"minecraft:jump":2049,"minecraft:interact_with_blast_furnace":8,"minecraft:walk_on_water_one_cm":19088,"minecraft:total_world_time":227520,"minecraft:interact_with_furnace":63,"minecraft:sleep_in_bed":1,"minecraft:time_since_rest":47159,"minecraft:damage_taken":1277,"minecraft:damage_dealt":4011,"minecraft:swim_one_cm":20737,"minecraft:fly_one_cm":194774,"minecraft:open_chest":40,"minecraft:crouch_one_cm":18932,"minecraft:fall_one_cm":39114}},"DataVersion":3465}