{"stats":{"minecraft:killed":{"born_in_chaos_v1:diamond_termite":1,"minecraft:spider":1,"born_in_chaos_v1:maggot":1,"minecraft:skeleton":1,"born_in_chaos_v1:corpse_fly":12,"artifacts:mimic":1},"minecraft:mined":{"minecraft:large_amethyst_bud":3,"minecraft:deepslate_redstone_ore":7,"minecraft:spruce_planks":6,"minecraft:deepslate_diamond_ore":3,"biomesoplenty:glowworm_silk":1,"minecraft:medium_amethyst_bud":1,"minecraft:amethyst_cluster":3,"minecraft:clay":1,"minecraft:budding_amethyst":1,"born_in_chaos_v1:infected_deepslate_diamond_ore":1,"minecraft:glow_lichen":2,"gravestone:gravestone":1,"minecraft:granite":248,"minecraft:calcite":5,"minecraft:grass_block":2,"born_in_chaos_v1:black_argillite":32,"minecraft:copper_ore":21,"minecraft:cobblestone":2,"minecraft:spruce_leaves":5,"biomesoplenty:sprout":7,"minecraft:lapis_ore":7,"minecraft:deepslate_gold_ore":12,"minecraft:diorite":310,"minecraft:amethyst_block":3,"minecraft:iron_ore":83,"minecraft:andesite":248,"treechop:chopped_log":1,"minecraft:deepslate_lapis_ore":4,"minecraft:grass":2,"minecraft:coal_ore":118,"minecraft:vine":4,"minecraft:dirt":5,"minecraft:gravel":2,"minecraft:smooth_basalt":6,"minecraft:stone":1624,"minecraft:gold_ore":4,"minecraft:spruce_slab":3,"minecraft:deepslate":994,"minecraft:fern":1},"minecraft:custom":{"minecraft:interact_with_furnace":33,"minecraft:mob_kills":18,"minecraft:interact_with_crafting_table":24,"minecraft:eat_cake_slice":3,"minecraft:leave_game":1,"minecraft:time_since_death":31805,"minecraft:climb_one_cm":2186,"minecraft:time_since_rest":31851,"minecraft:sprint_one_cm":59546,"minecraft:damage_taken":884,"minecraft:walk_one_cm":320188,"minecraft:drop":50,"minecraft:damage_dealt":2666,"minecraft:swim_one_cm":8709,"minecraft:fly_one_cm":67929,"minecraft:open_chest":7,"minecraft:crouch_one_cm":1796,"minecraft:play_time":76227,"minecraft:deaths":1,"minecraft:sneak_time":1371,"minecraft:walk_under_water_one_cm":3529,"minecraft:jump":899,"minecraft:walk_on_water_one_cm":6583,"minecraft:total_world_time":76227,"minecraft:fall_one_cm":14753},"minecraft:picked_up":{"gnumus:gnumus_doubloons":3,"born_in_chaos_v1:corpse_maggot":12,"born_in_chaos_v1:diamond_termite_shard":1,"minecraft:clay_ball":4,"minecraft:andesite":237,"minecraft:amethyst_block":4,"born_in_chaos_v1:black_argillite":31,"minecraft:lapis_lazuli":72,"minecraft:dirt":3,"minecraft:raw_copper":63,"artifacts:feral_claws":1,"minecraft:bone":1,"minecraft:candle":1,"minecraft:cobbled_deepslate":947,"minecraft:raw_gold":15,"minecraft:spruce_planks":6,"minecraft:calcite":4,"minecraft:spruce_slab":3,"minecraft:stick":6,"minecraft:raw_iron":81,"minecraft:smooth_basalt":5,"minecraft:sweet_berries":9,"minecraft:big_dripleaf":3,"minecraft:gravel":2,"minecraft:amethyst_shard":12,"minecraft:spruce_sapling":7,"minecraft:diorite":291,"minecraft:spruce_log":49,"minecraft:redstone":31,"minecraft:arrow":2,"minecraft:rotten_flesh":4,"minecraft:diamond":3,"minecraft:granite":225,"minecraft:bread":5,"minecraft:glow_berries":4,"minecraft:coal":116,"minecraft:cobblestone":1380},"minecraft:killed_by":{"born_in_chaos_v1:corpse_fly":1},"minecraft:broken":{"minecraft:stone_pickaxe":1,"vanillaplustools:stone_hammer":1,"minecraft:wooden_sword":1,"vanillaplustools:iron_hammer":1},"minecraft:crafted":{"minecraft:wooden_sword":1,"minecraft:diamond_sword":1,"vanillaplustools:stone_hammer":1,"minecraft:crafting_table":4,"minecraft:spruce_planks":196,"minecraft:wooden_pickaxe":1,"minecraft:furnace":2,"vanillaplustools:iron_hammer":2,"minecraft:iron_chestplate":1,"minecraft:stick":92,"minecraft:iron_ingot":62,"minecraft:iron_pickaxe":18,"minecraft:stone_pickaxe":11,"minecraft:wooden_axe":1,"minecraft:chest":1},"minecraft:dropped":{"minecraft:gravel":2,"minecraft:cobbled_deepslate":895,"minecraft:cobblestone":625,"minecraft:clay_ball":4,"minecraft:amethyst_block":2,"minecraft:granite":175,"minecraft:big_dripleaf":3,"born_in_chaos_v1:black_argillite":31,"minecraft:diorite":56,"minecraft:wooden_axe":1,"minecraft:andesite":46,"born_in_chaos_v1:diamond_termite_shard":1,"gravestone:obituary":1,"minecraft:wooden_pickaxe":1,"minecraft:calcite":3,"minecraft:smooth_basalt":3},"minecraft:used":{"minecraft:calcite":1,"minecraft:diorite":16,"minecraft:amethyst_block":2,"minecraft:spruce_slab":3,"minecraft:stone_pickaxe":216,"minecraft:spruce_planks":14,"minecraft:chest":1,"minecraft:wooden_pickaxe":6,"vanillaplustools:stone_hammer":132,"minecraft:rotten_flesh":4,"minecraft:dirt":2,"minecraft:crafting_table":4,"minecraft:granite":1,"born_in_chaos_v1:corpse_maggot":11,"minecraft:wooden_axe":10,"minecraft:bread":5,"minecraft:smooth_basalt":2,"minecraft:diamond_sword":1,"minecraft:wooden_sword":59,"minecraft:cobblestone":23,"minecraft:sweet_berries":10,"vanillaplustools:iron_hammer":311,"minecraft:furnace":2,"minecraft:andesite":12,"alexsmobs:animal_dictionary":1,"minecraft:cobbled_deepslate":1,"minecraft:candle":1}},"DataVersion":3465}