{"stats":{"minecraft:killed":{"minecraft:pig":1,"born_in_chaos_v1:baby_skeleton":1,"alexsmobs:raccoon":1,"alexsmobs:seagull":1,"alexsmobs:sugar_glider":1,"born_in_chaos_v1:dread_hound":1},"minecraft:mined":{"minecraft:spruce_planks":1,"minecraft:dark_oak_leaves":3,"minecraft:crafting_table":2,"minecraft:grass_block":4,"biomesoplenty:high_grass_plant":3,"minecraft:tall_grass":1,"minecraft:large_fern":1,"minecraft:spruce_log":3,"treechop:chopped_log":3,"minecraft:grass":6,"biomesoplenty:high_grass":1,"minecraft:sunflower":1,"minecraft:stone":17,"minecraft:deepslate":180},"minecraft:dropped":{"minecraft:feather":1,"minecraft:wooden_axe":1,"minecraft:wooden_pickaxe":1,"minecraft:spruce_sapling":14},"minecraft:crafted":{"minecraft:crafting_table":4,"minecraft:spruce_planks":356,"minecraft:wooden_pickaxe":1,"minecraft:furnace":1,"minecraft:iron_chestplate":1,"minecraft:stick":28,"minecraft:iron_ingot":18,"minecraft:iron_pickaxe":1,"minecraft:stone_pickaxe":2,"minecraft:wooden_axe":1,"minecraft:stone_sword":1,"minecraft:iron_leggings":1,"minecraft:spruce_boat":1,"minecraft:torch":8},"minecraft:broken":{"minecraft:stone_pickaxe":1},"minecraft:picked_up":{"minecraft:wooden_axe":1,"minecraft:crafting_table":2,"minecraft:feather":1,"born_in_chaos_v1:monster_flesh":1,"brewery:sausage":5,"brewery:fried_chicken":4,"minecraft:dirt":3,"born_in_chaos_v1:monster_skin":1,"minecraft:bone":6,"minecraft:wheat_seeds":1,"minecraft:cobbled_deepslate":229,"minecraft:spruce_planks":1,"minecraft:stick":3,"minecraft:porkchop":1,"minecraft:spruce_sapling":14,"minecraft:spruce_log":89,"born_in_chaos_v1:pieceofdarkmetal":1,"minecraft:rotten_flesh":6,"minecraft:iron_block":2,"minecraft:bread":3,"born_in_chaos_v1:rotten_fish":1,"minecraft:cobblestone":17},"minecraft:used":{"minecraft:stone_sword":33,"minecraft:stone_pickaxe":182,"minecraft:spruce_planks":49,"minecraft:wooden_pickaxe":19,"minecraft:rotten_flesh":6,"minecraft:crafting_table":6,"brewery:sausage":2,"minecraft:carrot":4,"minecraft:spruce_boat":1,"minecraft:wooden_axe":37,"born_in_chaos_v1:monster_flesh":1,"minecraft:bread":3,"born_in_chaos_v1:rotten_fish":1,"minecraft:furnace":1,"minecraft:porkchop":1,"alexsmobs:animal_dictionary":1},"minecraft:custom":{"minecraft:interact_with_furnace":1,"minecraft:mob_kills":6,"minecraft:interact_with_crafting_table":7,"minecraft:leave_game":1,"minecraft:time_since_death":39962,"minecraft:time_since_rest":39962,"minecraft:sprint_one_cm":103392,"minecraft:damage_taken":545,"minecraft:walk_one_cm":113154,"minecraft:drop":4,"minecraft:damage_dealt":1025,"minecraft:swim_one_cm":4061,"minecraft:fly_one_cm":104174,"minecraft:open_chest":4,"minecraft:crouch_one_cm":2930,"minecraft:play_time":39962,"minecraft:sneak_time":885,"minecraft:walk_under_water_one_cm":1683,"minecraft:boat_one_cm":45360,"minecraft:jump":608,"minecraft:walk_on_water_one_cm":6936,"minecraft:total_world_time":39962,"minecraft:fall_one_cm":17995}},"DataVersion":3465}