{"stats":{"minecraft:killed":{"born_in_chaos_v1:dread_hound":1,"born_in_chaos_v1:baby_skeleton":1},"minecraft:mined":{"minecraft:large_fern":1,"minecraft:spruce_planks":1,"minecraft:dark_oak_leaves":3,"minecraft:spruce_log":3,"treechop:chopped_log":3,"minecraft:crafting_table":1,"minecraft:grass":1,"minecraft:grass_block":2,"minecraft:sunflower":1,"minecraft:stone":17},"minecraft:custom":{"minecraft:time_since_rest":17725,"minecraft:interact_with_furnace":1,"minecraft:sprint_one_cm":32115,"minecraft:damage_taken":235,"minecraft:walk_one_cm":46623,"minecraft:mob_kills":2,"minecraft:drop":2,"minecraft:damage_dealt":682,"minecraft:interact_with_crafting_table":4,"minecraft:swim_one_cm":2313,"minecraft:fly_one_cm":29174,"minecraft:open_chest":3,"minecraft:crouch_one_cm":373,"minecraft:play_time":17725,"minecraft:sneak_time":219,"minecraft:walk_under_water_one_cm":968,"minecraft:jump":198,"minecraft:leave_game":1,"minecraft:walk_on_water_one_cm":4754,"minecraft:time_since_death":17725,"minecraft:total_world_time":17725,"minecraft:fall_one_cm":6675},"minecraft:picked_up":{"minecraft:wooden_axe":1,"minecraft:stick":3,"minecraft:crafting_table":1,"born_in_chaos_v1:monster_flesh":1,"minecraft:spruce_sapling":14,"minecraft:spruce_log":89,"minecraft:dirt":2,"born_in_chaos_v1:monster_skin":1,"minecraft:bone":1,"minecraft:rotten_flesh":6,"minecraft:spruce_planks":1,"minecraft:bread":3,"born_in_chaos_v1:rotten_fish":1,"minecraft:cobblestone":17},"minecraft:crafted":{"minecraft:crafting_table":2,"minecraft:spruce_planks":356,"minecraft:stick":4,"minecraft:wooden_pickaxe":1,"minecraft:stone_pickaxe":1,"minecraft:wooden_axe":1,"minecraft:stone_sword":1,"minecraft:furnace":1},"minecraft:dropped":{"minecraft:wooden_axe":1,"minecraft:wooden_pickaxe":1},"minecraft:used":{"minecraft:wooden_axe":37,"minecraft:stone_sword":20,"born_in_chaos_v1:monster_flesh":1,"minecraft:bread":1,"minecraft:wooden_pickaxe":19,"born_in_chaos_v1:rotten_fish":1,"minecraft:crafting_table":3,"minecraft:furnace":1}},"DataVersion":3465}