{"stats":{"minecraft:killed":{"born_in_chaos_v1:zombie_lumberjack":3,"alexsmobs:raccoon":2,"born_in_chaos_v1:siamese_skeletonsright":1,"born_in_chaos_v1:maggot":2,"minecraft:chicken":5,"minecraft:pig":5,"born_in_chaos_v1:diamond_termite":1,"born_in_chaos_v1:baby_skeleton":1,"gnumus:big_snout":2,"minecraft:creeper":1,"born_in_chaos_v1:decrepit_skeleton":1,"minecraft:sheep":1,"minecraft:zombie":4,"born_in_chaos_v1:dread_hound":1,"alexsmobs:terrapin":1,"born_in_chaos_v1:corpse_fly":1,"born_in_chaos_v1:siamese_skeletonsleft":1,"minecraft:cow":6},"minecraft:mined":{"biomesoplenty:glowing_moss_block":1,"minecraft:tuff":2,"minecraft:spruce_planks":2,"minecraft:mossy_cobblestone":1,"born_in_chaos_v1:infected_diamond_ore":1,"gravestone:gravestone":2,"biomesoplenty:bush":2,"vinery:taiga_grape_bush_red":2,"minecraft:grass_block":260,"minecraft:spruce_leaves":1,"minecraft:furnace":4,"minecraft:iron_ore":17,"minecraft:andesite":1,"treechop:chopped_log":14,"minecraft:azure_bluet":2,"biomesoplenty:sea_oats":7,"biomesoplenty:glowshroom_block":1,"biomesoplenty:fir_stairs":5,"minecraft:deepslate_iron_ore":17,"biomesoplenty:webbing":1,"biomesoplenty:barley":574,"minecraft:stone":99,"minecraft:cake":1,"biomesoplenty:glowworm_silk":2,"minecraft:crafting_table":9,"born_in_chaos_v1:infected_deepslate_diamond_ore":1,"minecraft:torch":1,"minecraft:blast_furnace":1,"biomesoplenty:fir_planks":11,"minecraft:rose_bush":1,"minecraft:tall_grass":17,"biomesoplenty:high_grass_plant":3,"minecraft:copper_ore":1,"minecraft:cobblestone":5,"minecraft:lapis_ore":5,"biomesoplenty:sprout":1,"biomesoplenty:huge_clover_petal":3,"minecraft:diorite":2,"minecraft:wall_torch":2,"minecraft:coarse_dirt":2,"biomesoplenty:fir_log":1,"minecraft:grass":334,"biomesoplenty:clover":3,"minecraft:oak_log":2,"minecraft:coal_ore":171,"minecraft:sand":31,"minecraft:dirt":41,"minecraft:gold_ore":2,"minecraft:deepslate":16,"minecraft:fern":1},"minecraft:custom":{"minecraft:mob_kills":40,"minecraft:interact_with_crafting_table":33,"minecraft:open_barrel":5,"minecraft:damage_dealt_resisted":40,"minecraft:leave_game":8,"minecraft:time_since_death":57753,"minecraft:sprint_one_cm":615125,"minecraft:walk_one_cm":794049,"minecraft:drop":38,"minecraft:play_time":176982,"minecraft:deaths":8,"minecraft:sneak_time":4033,"minecraft:walk_under_water_one_cm":9628,"minecraft:jump":2966,"minecraft:interact_with_blast_furnace":1,"minecraft:walk_on_water_one_cm":26779,"minecraft:total_world_time":176982,"minecraft:interact_with_furnace":47,"minecraft:sleep_in_bed":2,"minecraft:time_since_rest":14549,"minecraft:damage_taken":3454,"minecraft:damage_dealt":4302,"minecraft:swim_one_cm":82995,"minecraft:fly_one_cm":530389,"minecraft:open_chest":29,"minecraft:crouch_one_cm":10820,"minecraft:interact_with_smoker":3,"minecraft:fall_one_cm":90492},"minecraft:picked_up":{"born_in_chaos_v1:diamond_termite_shard":1,"minecraft:crafting_table":9,"minecraft:coarse_dirt":2,"minecraft:azure_bluet":4,"minecraft:chicken":5,"brewery:sausage":6,"minecraft:gold_block":1,"minecraft:raw_copper":2,"minecraft:cobbled_deepslate":22,"biomesoplenty:fir_planks":11,"minecraft:spruce_planks":2,"minecraft:beef":13,"minecraft:rose_bush":1,"alexsmobs:raccoon_tail":1,"minecraft:birch_sapling":1,"minecraft:furnace":4,"minecraft:egg":1,"minecraft:dark_oak_sapling":2,"minecraft:stick":33,"minecraft:raw_iron":34,"gnumus:juicy_meat":7,"minecraft:torch":3,"minecraft:porkchop":7,"minecraft:cherry_log":1,"minecraft:diorite":2,"minecraft:rotten_flesh":8,"born_in_chaos_v1:wood_splitter_axe":1,"minecraft:mutton":2,"minecraft:white_wool":1,"minecraft:cobblestone":104,"minecraft:birch_log":7,"born_in_chaos_v1:corpse_maggot":3,"minecraft:feather":5,"born_in_chaos_v1:monster_flesh":1,"minecraft:jungle_log":1,"minecraft:leather":10,"biomesoplenty:glowshroom":1,"biomesoplenty:fir_log":103,"biomesoplenty:fir_sapling":48,"minecraft:birch_planks":1,"minecraft:tuff":2,"minecraft:oak_log":38,"biomesoplenty:fir_stairs":5,"minecraft:dirt":305,"minecraft:lapis_lazuli":33,"minecraft:bone":2,"minecraft:apple":3,"minecraft:wheat_seeds":100,"minecraft:raw_gold":1,"minecraft:iron_ingot":1,"minecraft:stone_pickaxe":1,"minecraft:sweet_berries":9,"vinery:taiga_grape_seeds_red":5,"minecraft:sand":30,"born_in_chaos_v1:dark_rod":2,"minecraft:spruce_sapling":12,"minecraft:blast_furnace":1,"minecraft:spruce_log":25,"biomesoplenty:glowing_moss_block":1,"minecraft:mossy_cobblestone":1,"minecraft:oak_sapling":12,"born_in_chaos_v1:rotten_fish":1,"minecraft:coal":171},"minecraft:killed_by":{"minecraft:creeper":1,"gnumus:gnumus_hunter_not_dispawn":1,"minecraft:skeleton":1,"born_in_chaos_v1:siamese_skeletons":1,"born_in_chaos_v1:dire_hound_leader":1},"minecraft:broken":{"minecraft:iron_shovel":1,"minecraft:stone_pickaxe":1,"minecraft:wooden_axe":1},"minecraft:crafted":{"biomesoplenty:fir_stairs":8,"minecraft:oak_planks":112,"gnumus:grilled_juicy_meat":4,"minecraft:cooked_chicken":3,"minecraft:furnace":4,"minecraft:cooked_mutton":2,"minecraft:iron_boots":1,"minecraft:stone_pickaxe":4,"minecraft:chest":2,"minecraft:cooked_beef":13,"minecraft:wooden_shovel":1,"minecraft:cooked_porkchop":6,"minecraft:crafting_table":5,"minecraft:spruce_planks":100,"minecraft:wooden_pickaxe":5,"minecraft:iron_helmet":1,"minecraft:birch_planks":24,"minecraft:stone_axe":2,"minecraft:air":0,"minecraft:jungle_planks":4,"biomesoplenty:fir_planks":160,"minecraft:iron_chestplate":1,"minecraft:stick":60,"minecraft:iron_ingot":28,"minecraft:iron_pickaxe":1,"minecraft:wooden_axe":3,"minecraft:iron_shovel":1,"minecraft:stone_sword":1,"minecraft:gold_ingot":9,"minecraft:iron_leggings":1,"minecraft:white_bed":1,"minecraft:torch":40},"minecraft:dropped":{"minecraft:wheat_seeds":90,"minecraft:dark_oak_sapling":1,"minecraft:feather":4,"minecraft:cobblestone":2,"minecraft:leather":10,"biomesoplenty:fir_sapling":22,"minecraft:dirt":16,"minecraft:diorite":1,"minecraft:rose_bush":1,"gravestone:obituary":4,"minecraft:spruce_sapling":5,"minecraft:bone":1,"vinery:taiga_grape_seeds_red":2,"minecraft:coarse_dirt":1,"minecraft:rotten_flesh":5,"minecraft:azure_bluet":4,"minecraft:oak_sapling":9,"minecraft:stone_pickaxe":1},"minecraft:used":{"minecraft:stone_sword":59,"minecraft:iron_shovel":267,"minecraft:chest":2,"minecraft:spruce_planks":10,"minecraft:wooden_shovel":37,"minecraft:torch":3,"minecraft:dirt":100,"brewery:sausage":4,"vinery:taiga_grape_seeds_red":3,"minecraft:wooden_axe":99,"biomesoplenty:fir_sapling":17,"minecraft:birch_sapling":1,"minecraft:sweet_berries":16,"minecraft:oak_sapling":3,"minecraft:furnace":6,"minecraft:egg":1,"minecraft:cooked_beef":4,"minecraft:cobbled_deepslate":10,"gnumus:grilled_juicy_meat":3,"minecraft:dark_oak_sapling":1,"minecraft:cooked_mutton":2,"minecraft:stone_pickaxe":274,"minecraft:wooden_pickaxe":101,"biomesoplenty:fir_planks":150,"minecraft:mossy_cobblestone":1,"minecraft:crafting_table":10,"minecraft:white_bed":1,"minecraft:oak_log":6,"minecraft:apple":1,"minecraft:chicken":1,"minecraft:iron_pickaxe":40,"biomesoplenty:fir_stairs":13,"minecraft:spruce_sapling":7,"minecraft:stone_axe":77,"minecraft:cobblestone":4,"minecraft:cooked_porkchop":3,"alexsmobs:animal_dictionary":1,"biomesoplenty:fir_log":1}},"DataVersion":3465}