{"stats":{"minecraft:killed":{"born_in_chaos_v1:diamond_termite":1,"born_in_chaos_v1:zombie_lumberjack":2,"born_in_chaos_v1:baby_skeleton":1,"gnumus:big_snout":1,"born_in_chaos_v1:siamese_skeletonsright":1,"minecraft:creeper":1,"born_in_chaos_v1:maggot":2,"minecraft:zombie":4,"born_in_chaos_v1:dread_hound":1,"minecraft:chicken":1,"born_in_chaos_v1:corpse_fly":1,"born_in_chaos_v1:siamese_skeletonsleft":1},"minecraft:mined":{"minecraft:tuff":2,"minecraft:spruce_planks":2,"minecraft:mossy_cobblestone":1,"biomesoplenty:glowworm_silk":2,"born_in_chaos_v1:infected_diamond_ore":1,"born_in_chaos_v1:infected_deepslate_diamond_ore":1,"minecraft:crafting_table":3,"gravestone:gravestone":1,"minecraft:blast_furnace":1,"minecraft:grass_block":11,"minecraft:copper_ore":1,"minecraft:cobblestone":5,"minecraft:spruce_leaves":1,"biomesoplenty:sprout":1,"minecraft:lapis_ore":5,"minecraft:diorite":2,"minecraft:wall_torch":1,"minecraft:coarse_dirt":1,"minecraft:furnace":2,"minecraft:iron_ore":15,"treechop:chopped_log":5,"minecraft:grass":1,"biomesoplenty:glowshroom_block":1,"minecraft:oak_log":1,"minecraft:coal_ore":19,"minecraft:deepslate_iron_ore":17,"minecraft:sand":1,"minecraft:dirt":14,"minecraft:stone":27,"minecraft:gold_ore":2,"minecraft:cake":1,"minecraft:deepslate":16},"minecraft:custom":{"minecraft:interact_with_furnace":21,"minecraft:mob_kills":18,"minecraft:interact_with_crafting_table":15,"minecraft:open_barrel":5,"minecraft:damage_dealt_resisted":40,"minecraft:leave_game":3,"minecraft:time_since_death":6876,"minecraft:time_since_rest":6903,"minecraft:sprint_one_cm":230346,"minecraft:damage_taken":2404,"minecraft:walk_one_cm":324722,"minecraft:drop":8,"minecraft:damage_dealt":2187,"minecraft:swim_one_cm":41841,"minecraft:fly_one_cm":162497,"minecraft:open_chest":23,"minecraft:play_time":76817,"minecraft:crouch_one_cm":3288,"minecraft:deaths":5,"minecraft:sneak_time":1896,"minecraft:walk_under_water_one_cm":1522,"minecraft:jump":1189,"minecraft:interact_with_blast_furnace":1,"minecraft:walk_on_water_one_cm":7439,"minecraft:total_world_time":76817,"minecraft:interact_with_smoker":3,"minecraft:fall_one_cm":45764},"minecraft:picked_up":{"minecraft:crafting_table":3,"born_in_chaos_v1:corpse_maggot":3,"born_in_chaos_v1:diamond_termite_shard":1,"minecraft:coarse_dirt":1,"minecraft:feather":1,"born_in_chaos_v1:monster_flesh":1,"minecraft:chicken":1,"brewery:sausage":6,"minecraft:jungle_log":1,"biomesoplenty:glowshroom":1,"minecraft:gold_block":1,"minecraft:tuff":2,"minecraft:oak_log":15,"minecraft:lapis_lazuli":33,"minecraft:dirt":36,"minecraft:raw_copper":2,"minecraft:bone":1,"minecraft:cobbled_deepslate":22,"minecraft:raw_gold":1,"minecraft:spruce_planks":2,"minecraft:furnace":2,"minecraft:egg":1,"minecraft:stick":2,"minecraft:raw_iron":32,"gnumus:juicy_meat":4,"minecraft:torch":1,"born_in_chaos_v1:dark_rod":2,"minecraft:cherry_log":1,"minecraft:spruce_sapling":7,"minecraft:blast_furnace":1,"minecraft:diorite":2,"minecraft:spruce_log":17,"minecraft:mossy_cobblestone":1,"minecraft:rotten_flesh":7,"born_in_chaos_v1:wood_splitter_axe":1,"minecraft:oak_sapling":3,"minecraft:coal":19,"minecraft:cobblestone":32},"minecraft:killed_by":{"minecraft:creeper":1,"born_in_chaos_v1:siamese_skeletons":1,"gnumus:gnumus_hunter_not_dispawn":1},"minecraft:crafted":{"gnumus:grilled_juicy_meat":4,"minecraft:oak_planks":24,"minecraft:crafting_table":1,"minecraft:spruce_planks":68,"minecraft:wooden_pickaxe":3,"minecraft:iron_helmet":1,"minecraft:furnace":2,"minecraft:stone_axe":1,"minecraft:air":0,"minecraft:jungle_planks":4,"minecraft:iron_boots":1,"minecraft:iron_chestplate":1,"minecraft:stick":32,"minecraft:iron_ingot":28,"minecraft:stone_pickaxe":2,"minecraft:iron_pickaxe":1,"minecraft:wooden_axe":1,"minecraft:stone_sword":1,"minecraft:iron_leggings":1,"minecraft:gold_ingot":9,"minecraft:torch":36},"minecraft:dropped":{"minecraft:cobblestone":2,"minecraft:rotten_flesh":4,"minecraft:dirt":11,"minecraft:diorite":1,"gravestone:obituary":1},"minecraft:used":{"minecraft:stone_sword":59,"minecraft:stone_pickaxe":69,"minecraft:spruce_planks":10,"minecraft:wooden_pickaxe":32,"minecraft:torch":1,"minecraft:mossy_cobblestone":1,"minecraft:dirt":7,"brewery:sausage":4,"minecraft:crafting_table":2,"minecraft:oak_log":5,"minecraft:wooden_axe":32,"minecraft:iron_pickaxe":40,"minecraft:spruce_sapling":7,"minecraft:stone_axe":4,"minecraft:cobblestone":4,"minecraft:furnace":2,"minecraft:oak_sapling":3,"alexsmobs:animal_dictionary":1,"minecraft:egg":1,"minecraft:cobbled_deepslate":10,"gnumus:grilled_juicy_meat":3}},"DataVersion":3465}