{"stats":{"minecraft:killed":{"alexsmobs:lobster":6,"born_in_chaos_v1:zombie_lumberjack":3,"alexsmobs:raccoon":2,"minecraft:spider":1,"born_in_chaos_v1:siamese_skeletonsright":1,"born_in_chaos_v1:maggot":2,"minecraft:skeleton":2,"minecraft:chicken":6,"gnumus:pitcher_mousse":3,"alexsmobs:flying_fish":1,"minecraft:pig":5,"born_in_chaos_v1:diamond_termite":1,"born_in_chaos_v1:baby_skeleton":1,"minecraft:salmon":1,"gnumus:big_snout":2,"minecraft:creeper":1,"gnumus:marsupial_mousse":1,"born_in_chaos_v1:decrepit_skeleton":1,"minecraft:sheep":4,"minecraft:zombie":12,"born_in_chaos_v1:dread_hound":2,"alexsmobs:terrapin":1,"born_in_chaos_v1:corpse_fly":2,"born_in_chaos_v1:siamese_skeletonsleft":1,"minecraft:cow":6},"minecraft:mined":{"biomesoplenty:glowing_moss_block":1,"minecraft:tuff":2,"minecraft:spruce_planks":2,"minecraft:mossy_cobblestone":1,"minecraft:cobblestone_stairs":5,"born_in_chaos_v1:infected_diamond_ore":1,"minecraft:carved_pumpkin":1,"minecraft:granite":225,"gravestone:gravestone":5,"biomesoplenty:bush":2,"vinery:taiga_grape_bush_red":2,"minecraft:grass_block":513,"born_in_chaos_v1:black_argillite":99,"minecraft:spruce_leaves":1,"beachparty:sand_seastars":1,"biomesoplenty:dune_grass":1,"minecraft:furnace":4,"minecraft:iron_ore":216,"minecraft:cobbled_deepslate":8,"minecraft:andesite":675,"minecraft:pumpkin":9,"treechop:chopped_log":14,"minecraft:azure_bluet":2,"biomesoplenty:sea_oats":12,"biomesoplenty:glowshroom_block":1,"biomesoplenty:fir_stairs":5,"minecraft:deepslate_iron_ore":21,"biomesoplenty:webbing":1,"biomesoplenty:barley":749,"minecraft:stone":4721,"minecraft:cake":1,"biomesoplenty:glowworm_silk":2,"born_in_chaos_v1:infected_deepslate_diamond_ore":1,"minecraft:crafting_table":10,"minecraft:torch":2,"minecraft:blast_furnace":1,"biomesoplenty:fir_planks":11,"minecraft:rose_bush":1,"minecraft:glass":6,"minecraft:copper_ore":7,"minecraft:tall_grass":17,"biomesoplenty:high_grass_plant":3,"minecraft:cobblestone":63,"biomesoplenty:sprout":1,"minecraft:lapis_ore":24,"biomesoplenty:huge_clover_petal":3,"minecraft:diorite":626,"minecraft:wall_torch":8,"minecraft:coarse_dirt":2,"born_in_chaos_v1:fired_black_argillite":1,"biomesoplenty:fir_log":1,"minecraft:grass":393,"biomesoplenty:clover":3,"minecraft:coal_ore":296,"minecraft:oak_log":2,"minecraft:gravel":16,"minecraft:dirt":128,"minecraft:sunflower":1,"minecraft:sand":101,"biomesoplenty:fir_sapling":1,"minecraft:gold_ore":2,"minecraft:deepslate":43,"minecraft:fern":2},"minecraft:dropped":{"minecraft:wheat_seeds":110,"minecraft:dark_oak_sapling":1,"minecraft:feather":4,"minecraft:cobblestone":2712,"minecraft:leather":10,"minecraft:granite":184,"gnumus:mouse_skin":1,"biomesoplenty:fir_sapling":23,"minecraft:cobblestone_stairs":60,"born_in_chaos_v1:monster_flesh":1,"minecraft:dirt":133,"minecraft:diorite":431,"minecraft:torch":20,"born_in_chaos_v1:monster_skin":1,"minecraft:wooden_axe":1,"minecraft:rose_bush":1,"gravestone:obituary":7,"minecraft:sand":5,"minecraft:birch_log":1,"minecraft:spruce_sapling":5,"minecraft:bone":1,"minecraft:gravel":16,"vinery:taiga_grape_seeds_red":2,"minecraft:coarse_dirt":1,"minecraft:raw_copper":15,"beachparty:seashell":1,"minecraft:rotten_flesh":7,"minecraft:oak_planks":1,"minecraft:azure_bluet":4,"minecraft:potato":1,"minecraft:andesite":563,"minecraft:oak_sapling":9,"minecraft:stone_pickaxe":1,"minecraft:wooden_pickaxe":2},"minecraft:crafted":{"biomesoplenty:fir_stairs":8,"minecraft:oak_planks":112,"gnumus:grilled_juicy_meat":4,"minecraft:stone_shovel":1,"vanillaplustools:stone_hammer":6,"minecraft:cooked_chicken":3,"minecraft:furnace":8,"minecraft:stone":1,"minecraft:cobblestone_stairs":116,"minecraft:cooked_mutton":5,"minecraft:glass":31,"born_in_chaos_v1:fired_black_argillite":1,"minecraft:iron_boots":2,"minecraft:iron_axe":2,"minecraft:stone_pickaxe":60,"minecraft:chest":2,"minecraft:cooked_beef":13,"minecraft:deepslate":1,"minecraft:wooden_shovel":1,"minecraft:cooked_porkchop":7,"minecraft:crafting_table":6,"minecraft:spruce_planks":100,"minecraft:wooden_pickaxe":5,"minecraft:iron_helmet":2,"minecraft:iron_sword":1,"minecraft:birch_planks":24,"minecraft:stone_axe":2,"minecraft:air":0,"minecraft:jungle_planks":4,"biomesoplenty:fir_planks":160,"minecraft:iron_chestplate":2,"minecraft:stick":196,"minecraft:iron_ingot":230,"minecraft:iron_pickaxe":3,"minecraft:wooden_axe":3,"minecraft:stone_sword":1,"minecraft:iron_shovel":2,"minecraft:iron_leggings":2,"minecraft:gold_ingot":9,"minecraft:white_bed":1,"minecraft:torch":160},"minecraft:broken":{"minecraft:iron_shovel":1,"minecraft:wooden_shovel":1,"minecraft:stone_pickaxe":4,"vanillaplustools:stone_hammer":5,"minecraft:wooden_axe":1},"minecraft:picked_up":{"minecraft:crafting_table":10,"born_in_chaos_v1:diamond_termite_shard":1,"minecraft:coarse_dirt":2,"minecraft:azure_bluet":4,"minecraft:chicken":5,"brewery:sausage":6,"minecraft:gold_block":1,"gravestone:obituary":1,"born_in_chaos_v1:fired_black_argillite":1,"born_in_chaos_v1:black_argillite":159,"minecraft:raw_copper":17,"beachparty:seashell":1,"minecraft:cobbled_deepslate":57,"biomesoplenty:fir_planks":11,"minecraft:spruce_planks":2,"minecraft:beef":13,"minecraft:rose_bush":1,"alexsmobs:raccoon_tail":1,"minecraft:birch_sapling":1,"minecraft:furnace":4,"minecraft:egg":1,"minecraft:dark_oak_sapling":2,"minecraft:stick":44,"minecraft:raw_iron":234,"gnumus:juicy_meat":7,"minecraft:torch":9,"minecraft:porkchop":7,"minecraft:cherry_log":1,"minecraft:diorite":432,"minecraft:arrow":2,"minecraft:rotten_flesh":10,"born_in_chaos_v1:wood_splitter_axe":1,"minecraft:carved_pumpkin":1,"gnumus:mouse_skin":2,"minecraft:mutton":5,"alexsmobs:lobster_tail":2,"alexsmobs:flying_fish":1,"minecraft:white_wool":2,"minecraft:cobblestone":3355,"minecraft:birch_log":7,"born_in_chaos_v1:corpse_maggot":4,"minecraft:feather":5,"born_in_chaos_v1:monster_flesh":2,"minecraft:andesite":564,"minecraft:jungle_log":1,"minecraft:leather":10,"biomesoplenty:glowshroom":1,"minecraft:potato":1,"biomesoplenty:fir_sapling":55,"minecraft:birch_planks":1,"biomesoplenty:fir_log":103,"minecraft:tuff":2,"minecraft:oak_log":38,"biomesoplenty:fir_stairs":5,"minecraft:cobblestone_stairs":64,"minecraft:lapis_lazuli":93,"minecraft:dirt":644,"born_in_chaos_v1:monster_skin":1,"minecraft:bone":2,"minecraft:apple":3,"minecraft:wheat_seeds":120,"minecraft:raw_gold":1,"minecraft:iron_ingot":1,"minecraft:stone_pickaxe":1,"minecraft:pumpkin":9,"minecraft:sweet_berries":9,"vinery:taiga_grape_seeds_red":5,"minecraft:gravel":16,"minecraft:sand":100,"born_in_chaos_v1:dark_rod":2,"minecraft:spruce_sapling":12,"minecraft:blast_furnace":1,"minecraft:spruce_log":25,"biomesoplenty:glowing_moss_block":1,"minecraft:mossy_cobblestone":1,"minecraft:granite":194,"minecraft:oak_sapling":12,"born_in_chaos_v1:rotten_fish":1,"minecraft:coal":295},"minecraft:killed_by":{"born_in_chaos_v1:nightmare_stalker":1,"minecraft:creeper":1,"alexsmobs:bison":1,"gnumus:gnumus_hunter_not_dispawn":1,"minecraft:skeleton":1,"born_in_chaos_v1:siamese_skeletons":1,"alexsmobs:grizzly_bear":1,"born_in_chaos_v1:dire_hound_leader":1},"minecraft:custom":{"minecraft:mob_kills":69,"minecraft:interact_with_crafting_table":71,"minecraft:open_barrel":5,"minecraft:damage_dealt_resisted":130,"minecraft:leave_game":14,"minecraft:time_since_death":12252,"minecraft:sprint_one_cm":956780,"minecraft:walk_one_cm":1384894,"minecraft:drop":151,"minecraft:play_time":317962,"minecraft:deaths":11,"minecraft:sneak_time":5589,"minecraft:walk_under_water_one_cm":16537,"minecraft:jump":4107,"minecraft:interact_with_blast_furnace":1,"minecraft:walk_on_water_one_cm":49537,"minecraft:total_world_time":317962,"minecraft:interact_with_furnace":93,"minecraft:sleep_in_bed":4,"minecraft:time_since_rest":12371,"minecraft:damage_taken":4601,"minecraft:damage_dealt":8307,"minecraft:swim_one_cm":136352,"minecraft:fly_one_cm":745714,"minecraft:open_chest":62,"minecraft:crouch_one_cm":15984,"minecraft:interact_with_smoker":3,"minecraft:fall_one_cm":111981},"minecraft:used":{"minecraft:stone_sword":59,"minecraft:iron_shovel":510,"minecraft:stone_shovel":70,"minecraft:stone":1,"minecraft:chest":2,"minecraft:spruce_planks":10,"born_in_chaos_v1:black_argillite":1,"minecraft:iron_sword":71,"minecraft:wooden_shovel":66,"vanillaplustools:stone_hammer":761,"minecraft:cooked_chicken":1,"minecraft:torch":93,"minecraft:dirt":306,"brewery:sausage":4,"minecraft:granite":10,"vinery:taiga_grape_seeds_red":3,"minecraft:obsidian":4,"minecraft:glass":31,"minecraft:wooden_axe":99,"alexsmobs:lobster_tail":2,"minecraft:birch_sapling":1,"biomesoplenty:fir_sapling":32,"born_in_chaos_v1:fired_black_argillite":1,"minecraft:sweet_berries":16,"minecraft:oak_sapling":3,"minecraft:furnace":8,"minecraft:egg":1,"minecraft:cooked_beef":10,"minecraft:pumpkin":2,"gnumus:grilled_juicy_meat":3,"minecraft:cobbled_deepslate":18,"minecraft:dark_oak_sapling":1,"minecraft:cooked_mutton":3,"minecraft:cobblestone_stairs":60,"minecraft:stone_pickaxe":588,"minecraft:wooden_pickaxe":101,"biomesoplenty:fir_planks":150,"minecraft:mossy_cobblestone":1,"minecraft:crafting_table":13,"minecraft:white_bed":1,"minecraft:oak_log":6,"minecraft:apple":1,"minecraft:chicken":1,"minecraft:iron_pickaxe":110,"biomesoplenty:fir_stairs":13,"minecraft:spruce_sapling":7,"minecraft:stone_axe":106,"minecraft:cobblestone":147,"minecraft:cooked_porkchop":7,"minecraft:andesite":9,"alexsmobs:animal_dictionary":1,"biomesoplenty:fir_log":1}},"DataVersion":3465}