{"stats":{"minecraft:dropped":{"minecraft:dark_oak_sapling":1,"minecraft:leather":10,"gnumus:mouse_skin":2,"biomesoplenty:fir_sapling":34,"minecraft:cobblestone_stairs":60,"born_in_chaos_v1:monster_flesh":5,"minecraft:dirt":153,"minecraft:dark_oak_log":1,"gnumus:gnumus_claw":3,"born_in_chaos_v1:monster_skin":5,"alexsmobs:flying_fish":2,"gravestone:obituary":11,"minecraft:sand":5,"minecraft:birch_log":1,"minecraft:white_wool":1,"minecraft:bone":2,"minecraft:gold_ingot":32,"minecraft:gravel":16,"vinery:taiga_grape_seeds_red":2,"minecraft:cobbled_deepslate":24,"beachparty:seashell":1,"minecraft:wheat":1,"minecraft:rotten_flesh":52,"minecraft:oak_planks":1,"minecraft:azure_bluet":4,"born_in_chaos_v1:corpse_maggot":2,"born_in_chaos_v1:diamond_termite_shard":1,"gnumus:gnumus_horn":1,"minecraft:arrow":6,"minecraft:wheat_seeds":116,"minecraft:poisonous_potato":7,"minecraft:feather":4,"minecraft:cobblestone":2776,"minecraft:granite":195,"minecraft:copper_ingot":2,"minecraft:iron_block":5,"born_in_chaos_v1:gnawed_bones":1,"minecraft:diorite":431,"minecraft:torch":20,"minecraft:wooden_axe":1,"minecraft:rose_bush":1,"born_in_chaos_v1:fused_bone":1,"minecraft:spruce_sapling":5,"alexsmobs:maggot":1,"minecraft:coarse_dirt":2,"minecraft:raw_copper":17,"minecraft:deepslate":2,"minecraft:tuff":101,"minecraft:potato":1,"minecraft:andesite":563,"minecraft:oak_sapling":9,"minecraft:barrel":1,"minecraft:stone_pickaxe":1,"minecraft:wooden_pickaxe":2},"minecraft:killed_by":{"born_in_chaos_v1:nightmare_stalker":2,"minecraft:creeper":1,"born_in_chaos_v1:siamese_skeletons":1,"alexsmobs:grizzly_bear":1,"born_in_chaos_v1:dire_hound_leader":1,"born_in_chaos_v1:siamese_skeletonsright":1,"alexsmobs:bison":1,"gnumus:gnumus_hunter_not_dispawn":1,"minecraft:skeleton":1,"born_in_chaos_v1:dread_hound":1},"minecraft:custom":{"minecraft:interact_with_crafting_table":82,"minecraft:open_barrel":11,"minecraft:leave_game":16,"minecraft:time_since_death":61835,"minecraft:sprint_one_cm":1508647,"minecraft:drop":214,"minecraft:play_time":536207,"minecraft:deaths":14,"minecraft:jump":6344,"minecraft:walk_on_water_one_cm":80674,"minecraft:interact_with_furnace":145,"minecraft:sleep_in_bed":9,"minecraft:damage_dealt":22417,"minecraft:crouch_one_cm":51807,"minecraft:interact_with_smoker":3,"minecraft:interact_with_smithing_table":1,"minecraft:mob_kills":149,"minecraft:damage_dealt_resisted":1203,"minecraft:climb_one_cm":355,"minecraft:walk_one_cm":2455970,"minecraft:sneak_time":13689,"minecraft:walk_under_water_one_cm":28846,"minecraft:interact_with_blast_furnace":1,"minecraft:total_world_time":536207,"minecraft:time_since_rest":60734,"minecraft:damage_taken":6872,"minecraft:swim_one_cm":188551,"minecraft:fly_one_cm":1125663,"minecraft:open_chest":135,"minecraft:fall_one_cm":162325},"minecraft:broken":{"minecraft:iron_shovel":2,"minecraft:wooden_shovel":1,"minecraft:stone_pickaxe":4,"minecraft:stone_axe":1,"minecraft:iron_sword":1,"minecraft:wooden_axe":1,"minecraft:stone_shovel":1,"vanillaplustools:stone_hammer":8,"minecraft:iron_pickaxe":2},"minecraft:killed":{"alexsmobs:lobster":6,"born_in_chaos_v1:restless_spirit":1,"born_in_chaos_v1:zombie_lumberjack":5,"minecraft:spider":2,"born_in_chaos_v1:siamese_skeletonsright":3,"minecraft:skeleton":5,"minecraft:chicken":6,"gnumus:pitcher_mousse":3,"artifacts:mimic":1,"born_in_chaos_v1:bonescaller":1,"minecraft:pig":8,"born_in_chaos_v1:diamond_termite":2,"minecraft:salmon":3,"gnumus:big_snout":2,"minecraft:creeper":1,"gnumus:marsupial_mousse":1,"minecraft:sheep":13,"minecraft:zombie":28,"born_in_chaos_v1:dread_hound":8,"alexsmobs:terrapin":2,"born_in_chaos_v1:corpse_fly":5,"alexsmobs:fly":1,"born_in_chaos_v1:door_knight":1,"born_in_chaos_v1:siamese_skeletonsleft":3,"minecraft:cow":6,"alexsmobs:raccoon":2,"born_in_chaos_v1:zombie_bruiser":2,"born_in_chaos_v1:maggot":11,"gnumus:gnumus_hunter":4,"minecraft:drowned":1,"alexsmobs:flying_fish":1,"born_in_chaos_v1:baby_skeleton":2,"born_in_chaos_v1:decrepit_skeleton":7},"minecraft:used":{"minecraft:iron_shovel":522,"minecraft:chest":2,"minecraft:stone":9,"minecraft:iron_sword":262,"brewery:sausage":4,"vinery:taiga_grape_seeds_red":3,"minecraft:obsidian":4,"born_in_chaos_v1:corpse_maggot":9,"minecraft:glass":189,"alexsmobs:lobster_tail":2,"biomesoplenty:fir_sapling":32,"minecraft:birch_sapling":1,"born_in_chaos_v1:fired_black_argillite":1,"minecraft:sweet_berries":16,"minecraft:furnace":12,"minecraft:oak_sapling":3,"minecraft:egg":1,"minecraft:potato":164,"gnumus:grilled_juicy_meat":3,"minecraft:dark_oak_sapling":1,"minecraft:stone_pickaxe":588,"minecraft:wooden_pickaxe":101,"biomesoplenty:fir_planks":536,"minecraft:dark_oak_log":1,"gnumus:gnumus_chickpeas":4,"biomesoplenty:fir_stairs":13,"minecraft:deepslate":9,"minecraft:andesite":9,"brewery:pork_knuckle":5,"minecraft:stone_sword":59,"born_in_chaos_v1:ethereal_spirit":3,"minecraft:stone_shovel":138,"minecraft:spruce_planks":10,"born_in_chaos_v1:black_argillite":501,"vanillaplustools:stone_hammer":1046,"minecraft:wooden_shovel":66,"minecraft:cooked_salmon":2,"minecraft:cooked_chicken":1,"minecraft:torch":141,"minecraft:dirt":379,"minecraft:granite":14,"minecraft:wooden_axe":99,"minecraft:iron_axe":134,"minecraft:cooked_beef":10,"minecraft:cobbled_deepslate":547,"minecraft:pumpkin":2,"minecraft:wheat_seeds":3,"minecraft:cooked_mutton":11,"minecraft:cobblestone_stairs":60,"minecraft:baked_potato":16,"minecraft:green_bed":1,"minecraft:mossy_cobblestone":1,"minecraft:crafting_table":13,"minecraft:white_bed":1,"minecraft:oak_log":6,"minecraft:apple":1,"minecraft:chicken":1,"minecraft:iron_pickaxe":574,"minecraft:spruce_sapling":7,"minecraft:stone_axe":114,"minecraft:cobblestone":147,"biomesoplenty:fir_door":3,"minecraft:cooked_porkchop":8,"alexsmobs:animal_dictionary":1,"biomesoplenty:fir_log":1},"minecraft:mined":{"minecraft:spruce_planks":2,"minecraft:cobblestone_stairs":5,"minecraft:carved_pumpkin":1,"minecraft:granite":252,"vinery:taiga_grape_bush_red":2,"minecraft:grass_block":515,"beachparty:sand_seastars":1,"minecraft:iron_ore":253,"minecraft:cobbled_deepslate":61,"minecraft:pumpkin":9,"minecraft:deepslate_lapis_ore":3,"minecraft:azure_bluet":2,"biomesoplenty:glowshroom_block":1,"biomesoplenty:webbing":1,"biomesoplenty:glowworm_silk":2,"born_in_chaos_v1:infected_deepslate_diamond_ore":1,"minecraft:torch":21,"minecraft:blast_furnace":1,"minecraft:glass":15,"minecraft:cobblestone":64,"minecraft:wall_torch":18,"minecraft:wheat":1,"born_in_chaos_v1:fired_black_argillite":1,"biomesoplenty:fir_log":1,"minecraft:grass":402,"biomesoplenty:clover":3,"minecraft:oak_log":2,"minecraft:sand":198,"minecraft:dirt":151,"biomesoplenty:fir_sapling":1,"minecraft:deepslate":2185,"biomesoplenty:glowing_moss_block":1,"minecraft:tuff":206,"minecraft:mossy_cobblestone":1,"minecraft:deepslate_diamond_ore":3,"born_in_chaos_v1:infected_diamond_ore":2,"gravestone:gravestone":8,"biomesoplenty:bush":2,"born_in_chaos_v1:black_argillite":447,"minecraft:spruce_leaves":1,"biomesoplenty:dune_grass":3,"minecraft:furnace":8,"minecraft:andesite":675,"treechop:chopped_log":15,"biomesoplenty:sea_oats":19,"minecraft:potatoes":163,"minecraft:deepslate_iron_ore":28,"biomesoplenty:fir_stairs":5,"biomesoplenty:barley":757,"minecraft:stone":4781,"minecraft:cake":1,"minecraft:smithing_table":1,"minecraft:lily_of_the_valley":1,"minecraft:crafting_table":10,"biomesoplenty:fir_planks":45,"minecraft:rose_bush":1,"biomesoplenty:high_grass_plant":3,"minecraft:tall_grass":17,"minecraft:copper_ore":7,"biomesoplenty:huge_clover_petal":3,"biomesoplenty:sprout":2,"minecraft:lapis_ore":24,"minecraft:diorite":630,"minecraft:coarse_dirt":3,"minecraft:sweet_berry_bush":1,"minecraft:coal_ore":315,"minecraft:sunflower":1,"minecraft:gravel":18,"minecraft:gold_ore":2,"minecraft:fern":2},"minecraft:picked_up":{"minecraft:wheat":1,"minecraft:smithing_table":1,"gnumus:gnumus_claw":3,"born_in_chaos_v1:black_argillite":506,"minecraft:raw_copper":19,"minecraft:cobbled_deepslate":543,"biomesoplenty:fir_planks":38,"minecraft:spruce_planks":2,"minecraft:rose_bush":1,"alexsmobs:raccoon_tail":1,"minecraft:furnace":6,"minecraft:stick":70,"minecraft:torch":36,"minecraft:green_bed":1,"minecraft:porkchop":14,"minecraft:cherry_log":1,"minecraft:diorite":433,"minecraft:rotten_flesh":62,"minecraft:iron_block":3,"minecraft:carved_pumpkin":1,"gnumus:gnumus_chickpeas":4,"artifacts:panic_necklace":2,"alexsmobs:lobster_tail":2,"alexsmobs:flying_fish":2,"minecraft:cobblestone":3405,"minecraft:birch_log":7,"minecraft:feather":5,"minecraft:andesite":564,"minecraft:jungle_log":1,"biomesoplenty:glowshroom":1,"minecraft:potato":570,"biomesoplenty:fir_sapling":66,"biomesoplenty:fir_log":138,"minecraft:tuff":103,"biomesoplenty:fir_stairs":5,"minecraft:lapis_lazuli":93,"minecraft:dirt":681,"born_in_chaos_v1:monster_skin":5,"minecraft:bone":18,"minecraft:wheat_seeds":129,"minecraft:raw_gold":1,"brewery:pork_knuckle":7,"minecraft:poisonous_potato":7,"minecraft:sand":194,"minecraft:dark_oak_log":2,"minecraft:barrel":1,"minecraft:mossy_cobblestone":1,"minecraft:diamond":3,"minecraft:deepslate":1,"minecraft:granite":213,"alexsmobs:maggot":1,"minecraft:oak_sapling":12,"born_in_chaos_v1:rotten_fish":1,"minecraft:crafting_table":10,"minecraft:coarse_dirt":3,"born_in_chaos_v1:diamond_termite_shard":2,"minecraft:azure_bluet":4,"minecraft:chicken":5,"brewery:sausage":6,"born_in_chaos_v1:seedof_chaos":2,"minecraft:gold_block":1,"gravestone:obituary":1,"born_in_chaos_v1:fired_black_argillite":1,"beachparty:seashell":1,"minecraft:beef":13,"born_in_chaos_v1:gnawed_bones":1,"minecraft:birch_sapling":1,"minecraft:egg":1,"minecraft:dark_oak_sapling":2,"minecraft:raw_iron":276,"minecraft:copper_ingot":2,"gnumus:juicy_meat":7,"minecraft:carrot":1,"minecraft:arrow":6,"born_in_chaos_v1:wood_splitter_axe":1,"gnumus:mouse_skin":2,"minecraft:mutton":19,"minecraft:white_wool":8,"born_in_chaos_v1:fused_bone":3,"born_in_chaos_v1:corpse_maggot":14,"born_in_chaos_v1:monster_flesh":6,"minecraft:salmon":2,"minecraft:leather":10,"gnumus:gnumus_pouch":2,"minecraft:birch_planks":1,"minecraft:oak_log":41,"minecraft:cobblestone_stairs":64,"minecraft:apple":3,"gnumus:gnumus_horn":1,"minecraft:iron_ingot":3,"minecraft:stone_pickaxe":1,"minecraft:pumpkin":9,"minecraft:sweet_berries":22,"vinery:taiga_grape_seeds_red":5,"born_in_chaos_v1:ethereal_spirit":2,"minecraft:gravel":16,"born_in_chaos_v1:dark_rod":2,"minecraft:spruce_sapling":12,"minecraft:blast_furnace":1,"minecraft:spruce_log":25,"biomesoplenty:glowing_moss_block":1,"minecraft:baked_potato":13,"minecraft:coal":361},"minecraft:crafted":{"minecraft:oak_planks":112,"gnumus:grilled_juicy_meat":4,"minecraft:cooked_chicken":3,"minecraft:stone":65,"minecraft:cobblestone_stairs":116,"minecraft:cooked_mutton":19,"minecraft:glass":189,"born_in_chaos_v1:fired_black_argillite":1,"minecraft:iron_boots":2,"minecraft:chest":2,"minecraft:deepslate":105,"minecraft:wooden_shovel":1,"minecraft:cooked_porkchop":14,"minecraft:crafting_table":6,"minecraft:spruce_planks":100,"minecraft:iron_helmet":2,"minecraft:baked_potato":16,"minecraft:wooden_pickaxe":5,"minecraft:birch_planks":24,"biomesoplenty:fir_planks":548,"minecraft:iron_chestplate":2,"minecraft:stick":204,"minecraft:iron_ingot":246,"minecraft:iron_pickaxe":3,"minecraft:stone_sword":1,"minecraft:gold_ingot":41,"biomesoplenty:fir_door":3,"biomesoplenty:fir_stairs":8,"minecraft:stone_shovel":1,"vanillaplustools:stone_hammer":8,"minecraft:furnace":8,"minecraft:iron_axe":2,"minecraft:stone_pickaxe":78,"minecraft:cooked_beef":13,"minecraft:iron_sword":1,"minecraft:cooked_salmon":2,"minecraft:stone_axe":2,"minecraft:air":0,"minecraft:jungle_planks":4,"minecraft:wooden_axe":3,"minecraft:iron_shovel":2,"minecraft:iron_leggings":2,"minecraft:white_bed":1,"minecraft:torch":164}},"DataVersion":3465}