{"stats":{"minecraft:mined":{"minecraft:grass_block":2,"minecraft:sand":1},"minecraft:custom":{"minecraft:jump":9,"minecraft:time_since_rest":1256,"minecraft:leave_game":1,"minecraft:sprint_one_cm":4615,"minecraft:play_time":1256,"minecraft:time_since_death":1256,"minecraft:walk_one_cm":2323,"minecraft:total_world_time":1256,"minecraft:drop":2,"minecraft:fly_one_cm":1392},"minecraft:dropped":{"minecraft:dirt":1,"minecraft:sand":1},"minecraft:picked_up":{"minecraft:sand":2,"minecraft:dirt":3}},"DataVersion":3465}