{"stats":{"minecraft:mined":{"minecraft:grass":4,"minecraft:grass_block":2,"minecraft:sand":1,"minecraft:birch_leaves":3},"minecraft:custom":{"minecraft:time_since_rest":267,"minecraft:crouch_one_cm":101,"minecraft:sprint_one_cm":15001,"minecraft:play_time":3110,"minecraft:deaths":1,"minecraft:damage_taken":320,"minecraft:walk_one_cm":9911,"minecraft:sneak_time":30,"minecraft:walk_under_water_one_cm":498,"minecraft:drop":8,"minecraft:jump":63,"minecraft:damage_dealt":27,"minecraft:leave_game":2,"minecraft:time_since_death":228,"minecraft:walk_on_water_one_cm":287,"minecraft:total_world_time":3110,"minecraft:fall_one_cm":1927,"minecraft:fly_one_cm":9705},"minecraft:dropped":{"minecraft:dirt":5,"minecraft:sand":1,"minecraft:wheat_seeds":2},"minecraft:killed_by":{"minecraft:creeper":1},"minecraft:picked_up":{"minecraft:wheat_seeds":3,"minecraft:sand":2,"minecraft:dirt":5}},"DataVersion":3465}