{"stats":{"minecraft:killed":{"born_in_chaos_v1:zombie_clown":2,"born_in_chaos_v1:restless_spirit":2,"born_in_chaos_v1:zombie_lumberjack":2,"born_in_chaos_v1:skeleton_demoman":1,"minecraft:spider":3,"born_in_chaos_v1:siamese_skeletonsright":2,"born_in_chaos_v1:scarlet_persecutor":3,"minecraft:skeleton":13,"minecraft:chicken":2,"gnumus:pitcher_mousse":4,"born_in_chaos_v1:skeleton_thrasher":1,"artifacts:mimic":1,"born_in_chaos_v1:bonescaller":1,"minecraft:pig":7,"gnumus:big_snout":3,"minecraft:creeper":1,"gnumus:marsupial_mousse":1,"minecraft:sheep":6,"born_in_chaos_v1:zombie_fisherman":2,"minecraft:zombie":22,"born_in_chaos_v1:dread_hound":4,"alexsmobs:terrapin":1,"born_in_chaos_v1:corpse_fly":16,"alexsmobs:fly":1,"born_in_chaos_v1:siamese_skeletonsleft":2,"minecraft:cow":6,"alexsmobs:raccoon":2,"alexsmobs:tasmanian_devil":2,"born_in_chaos_v1:thornshell_crab":1,"born_in_chaos_v1:zombie_bruiser":5,"born_in_chaos_v1:maggot":21,"gnumus:gnumus_hunter":5,"minecraft:drowned":5,"gnumus:gnumus_hunter_not_dispawn":1,"born_in_chaos_v1:fallen_chaos_knight":1,"born_in_chaos_v1:baby_skeleton":2,"born_in_chaos_v1:swarmer":1,"born_in_chaos_v1:decrepit_skeleton":10,"alexsmobs:catfish":1,"born_in_chaos_v1:bloody_gadfly":2,"alexsmobs:crocodile":2,"alexsmobs:cockroach":1,"alexsmobs:crow":1},"minecraft:mined":{"minecraft:spruce_planks":5,"minecraft:cave_vines_plant":3,"minecraft:granite":7,"biomesoplenty:umbran_planks":45,"vinery:taiga_grape_bush_red":2,"minecraft:grass_block":33,"minecraft:tall_seagrass":1,"minecraft:iron_ore":120,"minecraft:deepslate_lapis_ore":8,"biomesoplenty:umbran_stairs":34,"biomesoplenty:glowshroom_block":3,"minecraft:cave_vines":2,"minecraft:deepslate_redstone_ore":6,"brewery:wild_hops":2,"minecraft:red_bed":2,"biomesoplenty:glowing_moss_carpet":1,"minecraft:torch":6,"minecraft:chest":1,"minecraft:mushroom_stem":4,"minecraft:cobblestone":1,"minecraft:sugar_cane":41,"minecraft:oak_planks":11,"minecraft:wall_torch":4,"farmersdelight:sandy_shrub":1,"minecraft:lilac":2,"biomesoplenty:fir_log":3,"minecraft:wither_rose":15,"minecraft:grass":54,"beachparty:palm_log":7,"minecraft:oak_log":35,"minecraft:dirt":24,"beachparty:palm_slab":8,"minecraft:potted_red_tulip":1,"minecraft:oak_leaves":44,"minecraft:deepslate":26,"minecraft:tuff":5,"minecraft:dark_oak_leaves":9,"minecraft:deepslate_diamond_ore":9,"farmersdelight:wild_carrots":1,"gravestone:gravestone":3,"biomesoplenty:bush":62,"minecraft:allium":3,"minecraft:moss_block":1,"minecraft:sandstone":1,"minecraft:redstone_ore":9,"minecraft:furnace":3,"minecraft:raw_gold_block":4,"minecraft:andesite":18,"treechop:chopped_log":21,"minecraft:gold_block":1,"biomesoplenty:sea_oats":1,"beachparty:sand_slab":3,"minecraft:deepslate_iron_ore":20,"gnumus:fragile_gnumus_jug":7,"minecraft:stone":533,"minecraft:smithing_table":1,"beachparty:palm_planks":10,"minecraft:dandelion":1,"minecraft:crafting_table":3,"biomesoplenty:fir_planks":68,"minecraft:rose_bush":1,"biomesoplenty:high_grass_plant":3,"minecraft:tall_grass":5,"minecraft:copper_ore":7,"minecraft:lapis_ore":8,"biomesoplenty:sprout":3,"minecraft:deepslate_gold_ore":21,"minecraft:diorite":9,"minecraft:coarse_dirt":1,"minecraft:gray_bed":3,"minecraft:bee_nest":1,"minecraft:coal_ore":147,"minecraft:sunflower":1,"minecraft:gravel":3,"minecraft:gold_ore":10,"minecraft:fern":9},"minecraft:custom":{"minecraft:interact_with_crafting_table":60,"minecraft:open_barrel":13,"minecraft:leave_game":6,"minecraft:time_since_death":161248,"minecraft:sprint_one_cm":690264,"minecraft:damage_blocked_by_shield":2420,"minecraft:drop":56,"minecraft:talked_to_villager":1,"minecraft:play_time":364849,"minecraft:deaths":3,"minecraft:jump":4994,"minecraft:walk_on_water_one_cm":35577,"minecraft:interact_with_furnace":126,"minecraft:sleep_in_bed":13,"minecraft:damage_dealt":31356,"minecraft:player_kills":1,"minecraft:crouch_one_cm":19900,"minecraft:interact_with_smoker":4,"minecraft:interact_with_smithing_table":3,"minecraft:mob_kills":178,"minecraft:interact_with_anvil":2,"minecraft:damage_dealt_resisted":2112,"minecraft:climb_one_cm":483,"minecraft:walk_one_cm":1224524,"minecraft:sneak_time":6153,"minecraft:walk_under_water_one_cm":25001,"minecraft:total_world_time":364849,"minecraft:time_since_rest":14100,"minecraft:damage_taken":5225,"minecraft:swim_one_cm":98629,"minecraft:fly_one_cm":1017280,"minecraft:open_chest":156,"minecraft:fall_one_cm":132831},"minecraft:picked_up":{"minecraft:flower_pot":1,"minecraft:smithing_table":1,"gnumus:gnumus_claw":13,"biomesoplenty:umbran_stairs":33,"minecraft:wither_rose":15,"minecraft:string":20,"minecraft:raw_copper":26,"beachparty:coconut_open":16,"minecraft:gold_nugget":1,"minecraft:cobbled_deepslate":25,"biomesoplenty:fir_planks":65,"minecraft:spruce_planks":5,"minecraft:rose_bush":1,"alexsmobs:raccoon_tail":1,"minecraft:furnace":3,"beachparty:sand_slab":10,"minecraft:stick":93,"beachparty:palm_door":1,"born_in_chaos_v1:shattered_skull":3,"born_in_chaos_v1:phantom_powder":1,"minecraft:torch":13,"minecraft:acacia_log":1,"biomesoplenty:umbran_planks":45,"minecraft:porkchop":9,"minecraft:rotten_flesh":122,"minecraft:red_tulip":1,"gnumus:gnumus_chickpeas":13,"minecraft:cod":1,"minecraft:cobblestone":536,"gnumus:gnumus_doubloons":33,"minecraft:feather":8,"minecraft:lilac":3,"minecraft:andesite":18,"gnumus:overripe_carrot":8,"biomesoplenty:fir_sapling":27,"biomesoplenty:fir_log":183,"beachparty:palm_log":107,"minecraft:tuff":5,"minecraft:lapis_lazuli":101,"minecraft:dirt":65,"gnumus:gnumus_pouch_2":3,"brewery:hops_seeds":6,"born_in_chaos_v1:monster_skin":2,"minecraft:bone":63,"minecraft:bow":2,"minecraft:wheat_seeds":5,"minecraft:raw_gold":31,"minecraft:rabbit":3,"artifacts:antidote_vessel":1,"minecraft:moss_block":1,"minecraft:oak_planks":12,"beachparty:palm_slab":9,"alexsmobs:crocodile_egg":1,"minecraft:sand":36,"alexsmobs:animal_dictionary":2,"minecraft:dark_oak_log":4,"minecraft:diamond":9,"waystones:waystone":1,"minecraft:granite":6,"minecraft:emerald":2,"minecraft:bread":3,"alexsmobs:maggot":1,"minecraft:oak_sapling":44,"born_in_chaos_v1:rotten_fish":2,"minecraft:coarse_dirt":1,"minecraft:crafting_table":3,"minecraft:allium":2,"minecraft:chicken":2,"born_in_chaos_v1:river_mint":3,"minecraft:gold_block":1,"minecraft:chain":1,"gravestone:obituary":2,"beachparty:coconut":41,"minecraft:red_bed":2,"born_in_chaos_v1:intoxicating_decoction":3,"beachparty:seashell":5,"minecraft:beef":14,"minecraft:chest":1,"minecraft:sugar_cane":50,"minecraft:dark_oak_sapling":1,"minecraft:raw_iron":138,"minecraft:sandstone":1,"minecraft:raw_gold_block":4,"gnumus:juicy_meat":12,"minecraft:copper_ingot":7,"beachparty:palm_planks":15,"born_in_chaos_v1:pieceofdarkmetal":12,"minecraft:carrot":1,"minecraft:redstone":143,"minecraft:arrow":12,"biomesoplenty:umbran_sapling":33,"born_in_chaos_v1:wood_splitter_axe":1,"born_in_chaos_v1:spiny_shell":4,"gnumus:mouse_skin":16,"minecraft:glow_berries":11,"minecraft:mutton":13,"minecraft:white_wool":9,"born_in_chaos_v1:fused_bone":5,"born_in_chaos_v1:corpse_maggot":33,"born_in_chaos_v1:monster_flesh":5,"minecraft:leather":10,"beachparty:raw_mussel_meat":5,"gnumus:gnumus_pouch":1,"minecraft:oak_log":50,"minecraft:gunpowder":3,"minecraft:paper":8,"minecraft:apple":4,"minecraft:iron_ingot":4,"minecraft:gray_bed":3,"minecraft:iron_sword":1,"biomesoplenty:umbran_log":225,"vinery:taiga_grape_seeds_red":5,"born_in_chaos_v1:ethereal_spirit":5,"beachparty:palm_sapling":22,"minecraft:gravel":3,"minecraft:dripstone_block":9,"gnumus:gnumus_cheese":3,"minecraft:spruce_sapling":4,"minecraft:spruce_log":31,"alexsmobs:raw_catfish":3,"minecraft:slime_ball":2,"minecraft:coal":147,"minecraft:sunflower":3},"minecraft:broken":{"minecraft:stone_pickaxe":1,"minecraft:iron_sword":1,"minecraft:stone_sword":1,"minecraft:shield":1,"minecraft:iron_axe":1,"minecraft:iron_pickaxe":3,"minecraft:iron_helmet":1,"minecraft:golden_pickaxe":1},"minecraft:killed_by":{"born_in_chaos_v1:nightmare_stalker":1,"born_in_chaos_v1:scarlet_persecutor":1},"minecraft:crafted":{"minecraft:oak_planks":172,"gnumus:grilled_juicy_meat":10,"beachparty:palm_door":3,"minecraft:cooked_chicken":1,"brewery:sausage":19,"minecraft:cooked_mutton":9,"minecraft:iron_boots":1,"minecraft:chest":6,"biomesoplenty:umbran_fence":33,"minecraft:cooked_rabbit":6,"beachparty:palm_slab":12,"sophisticatedbackpacks:backpack":1,"minecraft:cooked_porkchop":6,"minecraft:crafting_table":4,"minecraft:spruce_planks":116,"minecraft:wooden_pickaxe":1,"minecraft:iron_helmet":2,"biomesoplenty:fir_planks":340,"minecraft:iron_chestplate":1,"minecraft:diamond_pickaxe":1,"minecraft:shield":2,"minecraft:stick":8,"minecraft:iron_ingot":129,"minecraft:iron_pickaxe":4,"minecraft:stone_sword":2,"minecraft:gold_ingot":24,"minecraft:furnace":3,"biomesoplenty:umbran_stairs":252,"minecraft:iron_axe":2,"minecraft:stone_pickaxe":1,"minecraft:dark_oak_planks":16,"beachparty:palm_planks":208,"minecraft:cooked_beef":13,"brewery:silo_wood":2,"biomesoplenty:umbran_planks":644,"brewery:pork_knuckle":6,"minecraft:iron_sword":2,"biomesoplenty:umbran_door":3,"minecraft:bucket":1,"minecraft:stone_axe":1,"minecraft:air":0,"minecraft:bread":6,"minecraft:raw_gold":36,"minecraft:wooden_axe":1,"minecraft:iron_leggings":1,"beachparty:cooked_mussel_meat":5,"minecraft:torch":148,"biomesoplenty:umbran_slab":12},"minecraft:dropped":{"biomesoplenty:fir_log":1,"minecraft:iron_sword":1,"minecraft:crafting_table":1,"minecraft:dark_oak_sapling":1,"born_in_chaos_v1:pieceofdarkmetal":2,"born_in_chaos_v1:monster_flesh":1,"minecraft:dirt":3,"gnumus:gnumus_claw":3,"gravestone:obituary":4,"minecraft:sunflower":3,"beachparty:sand_slab":2,"minecraft:white_wool":2,"minecraft:bone":24,"alexsmobs:animal_dictionary":1,"minecraft:rotten_flesh":25,"minecraft:oak_planks":1,"gnumus:gnumus_doubloons":11,"minecraft:gunpowder":1,"minecraft:arrow":1,"minecraft:iron_ingot":13,"minecraft:wheat_seeds":1,"minecraft:lilac":1,"minecraft:dripstone_block":3,"minecraft:feather":2,"born_in_chaos_v1:river_mint":1,"minecraft:wooden_axe":1,"minecraft:rose_bush":1,"beachparty:coconut_open":3,"minecraft:paper":4,"minecraft:string":8,"minecraft:redstone":47,"minecraft:tuff":5,"minecraft:raw_iron":1,"beachparty:cooked_mussel_meat":5,"brewery:sausage":2,"beachparty:palm_planks":2,"minecraft:andesite":1,"minecraft:oak_sapling":8,"brewery:hops_seeds":2,"gnumus:gnumus_cheese":1,"minecraft:bow":1,"minecraft:wooden_pickaxe":1},"minecraft:used":{"minecraft:moss_block":1,"minecraft:iron_shovel":46,"minecraft:chest":6,"minecraft:shield":88,"minecraft:iron_sword":488,"brewery:sausage":17,"minecraft:carrot":2,"born_in_chaos_v1:corpse_maggot":32,"minecraft:lava_bucket":3,"biomesoplenty:fir_sapling":4,"minecraft:iron_helmet":1,"minecraft:furnace":6,"minecraft:gray_bed":3,"gnumus:grilled_juicy_meat":4,"biomesoplenty:umbran_stairs":238,"minecraft:oak_planks":130,"minecraft:stone_pickaxe":131,"minecraft:wooden_pickaxe":13,"biomesoplenty:fir_planks":190,"minecraft:sugar_cane":27,"minecraft:glow_berries":9,"minecraft:sand":19,"biomesoplenty:umbran_door":2,"biomesoplenty:umbran_planks":163,"gnumus:gnumus_chickpeas":10,"minecraft:bread":9,"minecraft:gravel":3,"biomesoplenty:umbran_slab":4,"born_in_chaos_v1:rotten_fish":1,"minecraft:smithing_table":1,"minecraft:cooked_rabbit":3,"minecraft:andesite":12,"minecraft:golden_pickaxe":32,"brewery:pork_knuckle":10,"beachparty:coconut":16,"minecraft:stone_sword":200,"minecraft:spruce_planks":93,"minecraft:torch":81,"minecraft:dirt":37,"biomesoplenty:umbran_fence":10,"minecraft:granite":6,"minecraft:wooden_axe":26,"alexsmobs:maggot":1,"beachparty:palm_planks":189,"beachparty:coconut_open":13,"minecraft:iron_axe":422,"minecraft:cobbled_deepslate":24,"beachparty:sand_slab":5,"minecraft:water_bucket":1,"beachparty:palm_door":2,"gnumus:overripe_carrot":1,"brewery:silo_wood":2,"minecraft:crafting_table":6,"minecraft:red_bed":2,"minecraft:iron_pickaxe":817,"minecraft:stone_axe":55,"minecraft:cobblestone":58,"minecraft:bucket":5,"born_in_chaos_v1:wood_splitter_axe":39,"alexsmobs:animal_dictionary":1,"minecraft:wither_rose":8,"beachparty:palm_slab":21}},"DataVersion":3465}