{"stats":{"minecraft:killed":{"born_in_chaos_v1:zombie_clown":3,"born_in_chaos_v1:restless_spirit":2,"born_in_chaos_v1:zombie_lumberjack":4,"born_in_chaos_v1:skeleton_demoman":1,"minecraft:spider":6,"born_in_chaos_v1:siamese_skeletonsright":5,"born_in_chaos_v1:baby_skeleton_minion":1,"born_in_chaos_v1:scarlet_persecutor":6,"minecraft:skeleton":15,"minecraft:chicken":2,"gnumus:pitcher_mousse":4,"born_in_chaos_v1:skeleton_thrasher":1,"artifacts:mimic":2,"born_in_chaos_v1:bonescaller":1,"minecraft:pig":7,"minecraft:zombie_villager":1,"born_in_chaos_v1:diamond_termite":2,"gnumus:big_snout":3,"minecraft:creeper":2,"gnumus:marsupial_mousse":1,"minecraft:sheep":6,"born_in_chaos_v1:zombie_fisherman":3,"minecraft:zombie":31,"born_in_chaos_v1:dread_hound":8,"alexsmobs:terrapin":2,"born_in_chaos_v1:corpse_fly":20,"alexsmobs:fly":1,"born_in_chaos_v1:siamese_skeletonsleft":6,"minecraft:cow":6,"alexsmobs:raccoon":2,"alexsmobs:tasmanian_devil":2,"born_in_chaos_v1:thornshell_crab":1,"born_in_chaos_v1:zombie_bruiser":5,"born_in_chaos_v1:maggot":26,"gnumus:gnumus_hunter":7,"minecraft:drowned":5,"born_in_chaos_v1:barrel_zombie":1,"gnumus:gnumus_hunter_not_dispawn":1,"born_in_chaos_v1:fallen_chaos_knight":2,"born_in_chaos_v1:baby_skeleton":3,"born_in_chaos_v1:swarmer":1,"born_in_chaos_v1:decrepit_skeleton":11,"alexsmobs:catfish":1,"born_in_chaos_v1:bloody_gadfly":2,"alexsmobs:crocodile":2,"alexsmobs:cockroach":1,"born_in_chaos_v1:nightmare_stalker":1,"alexsmobs:crow":1},"minecraft:mined":{"minecraft:spruce_planks":5,"minecraft:cobblestone_stairs":7,"minecraft:obsidian":16,"minecraft:cave_vines_plant":3,"minecraft:granite":11,"biomesoplenty:umbran_planks":45,"vinery:taiga_grape_bush_red":2,"minecraft:grass_block":212,"minecraft:tall_seagrass":2,"minecraft:iron_ore":141,"minecraft:deepslate_lapis_ore":14,"biomesoplenty:umbran_stairs":34,"biomesoplenty:glowshroom_block":3,"minecraft:cave_vines":2,"minecraft:deepslate_redstone_ore":11,"brewery:wild_hops":2,"minecraft:red_bed":2,"biomesoplenty:glowing_moss_carpet":1,"minecraft:torch":15,"minecraft:blast_furnace":1,"minecraft:chest":1,"minecraft:mushroom_stem":4,"minecraft:cobblestone":18,"minecraft:sugar_cane":51,"minecraft:oak_planks":13,"minecraft:wall_torch":22,"farmersdelight:sandy_shrub":1,"minecraft:lilac":2,"biomesoplenty:fir_log":3,"minecraft:wither_rose":15,"minecraft:grass":62,"beachparty:palm_log":7,"minecraft:oak_log":35,"minecraft:sand":84,"minecraft:dirt":213,"beachparty:palm_slab":8,"minecraft:potted_red_tulip":1,"minecraft:oak_leaves":45,"minecraft:deepslate":555,"biomesoplenty:reed":3,"minecraft:tuff":88,"minecraft:dark_oak_leaves":9,"minecraft:deepslate_diamond_ore":22,"farmersdelight:wild_carrots":1,"born_in_chaos_v1:infected_diamond_ore":1,"gravestone:gravestone":3,"biomesoplenty:bush":70,"minecraft:allium":3,"born_in_chaos_v1:black_argillite":4,"minecraft:moss_block":1,"minecraft:sandstone":1,"minecraft:redstone_ore":9,"minecraft:furnace":3,"minecraft:raw_gold_block":4,"minecraft:andesite":29,"treechop:chopped_log":21,"minecraft:gold_block":1,"biomesoplenty:sea_oats":1,"minecraft:polished_deepslate":38,"beachparty:sand_slab":3,"minecraft:deepslate_iron_ore":39,"gnumus:fragile_gnumus_jug":7,"minecraft:stone":1089,"minecraft:smithing_table":1,"beachparty:palm_planks":10,"minecraft:dandelion":1,"minecraft:crafting_table":3,"biomesoplenty:fir_planks":68,"minecraft:rose_bush":1,"biomesoplenty:high_grass_plant":3,"minecraft:tall_grass":5,"minecraft:copper_ore":15,"biomesoplenty:sprout":3,"minecraft:lapis_ore":9,"minecraft:deepslate_gold_ore":50,"minecraft:diorite":9,"minecraft:coarse_dirt":1,"minecraft:gray_bed":4,"minecraft:bee_nest":1,"minecraft:coal_ore":149,"minecraft:sunflower":1,"minecraft:gravel":17,"minecraft:gold_ore":11,"minecraft:fern":9},"minecraft:crafted":{"minecraft:oak_planks":172,"gnumus:grilled_juicy_meat":10,"beachparty:palm_door":3,"minecraft:cooked_chicken":1,"brewery:sausage":19,"minecraft:cobblestone_stairs":212,"born_in_chaos_v1:dark_metal_ingot":1,"minecraft:cooked_mutton":9,"minecraft:glass":84,"minecraft:iron_boots":2,"minecraft:chest":9,"biomesoplenty:umbran_fence":33,"minecraft:cooked_rabbit":6,"born_in_chaos_v1:pileof_dark_metal":1,"beachparty:palm_slab":12,"sophisticatedbackpacks:backpack":1,"minecraft:cooked_porkchop":6,"minecraft:crafting_table":5,"minecraft:spruce_planks":116,"minecraft:wooden_pickaxe":1,"minecraft:iron_helmet":2,"biomesoplenty:fir_planks":340,"minecraft:book":1,"minecraft:iron_chestplate":2,"minecraft:paper":3,"minecraft:diamond_pickaxe":1,"minecraft:shield":2,"minecraft:stick":8,"minecraft:iron_ingot":177,"minecraft:iron_pickaxe":7,"minecraft:stone_sword":2,"minecraft:gold_ingot":97,"minecraft:furnace":4,"minecraft:flint_and_steel":1,"biomesoplenty:umbran_stairs":252,"minecraft:leather":4,"minecraft:polished_deepslate":392,"minecraft:iron_axe":2,"minecraft:stone_pickaxe":1,"minecraft:cobbled_deepslate_stairs":80,"minecraft:dark_oak_planks":16,"beachparty:palm_planks":208,"minecraft:cooked_beef":13,"brewery:silo_wood":2,"biomesoplenty:umbran_planks":644,"brewery:pork_knuckle":6,"minecraft:enchanting_table":1,"minecraft:iron_sword":3,"biomesoplenty:umbran_door":3,"minecraft:bucket":6,"born_in_chaos_v1:bone_heart":2,"minecraft:stone_axe":1,"minecraft:air":0,"minecraft:bread":6,"minecraft:raw_gold":36,"minecraft:wooden_axe":1,"minecraft:iron_shovel":1,"minecraft:iron_leggings":2,"beachparty:cooked_mussel_meat":5,"minecraft:torch":148,"biomesoplenty:umbran_slab":12},"minecraft:dropped":{"biomesoplenty:fir_log":1,"minecraft:iron_sword":1,"gnumus:overripe_carrot":3,"minecraft:crafting_table":1,"minecraft:dark_oak_sapling":1,"born_in_chaos_v1:pieceofdarkmetal":2,"gnumus:mouse_skin":4,"born_in_chaos_v1:monster_flesh":1,"minecraft:dirt":3,"gnumus:gnumus_claw":3,"gravestone:obituary":4,"minecraft:sunflower":3,"beachparty:sand_slab":2,"minecraft:white_wool":2,"minecraft:bone":29,"minecraft:sugar_cane":6,"minecraft:cobbled_deepslate":1,"alexsmobs:animal_dictionary":1,"minecraft:rotten_flesh":25,"minecraft:oak_planks":1,"gnumus:gnumus_doubloons":11,"minecraft:gunpowder":1,"minecraft:arrow":1,"minecraft:iron_ingot":13,"born_in_chaos_v1:intoxicating_decoction":1,"minecraft:wheat_seeds":1,"minecraft:lilac":1,"minecraft:dripstone_block":3,"minecraft:feather":2,"minecraft:cobblestone":5,"born_in_chaos_v1:river_mint":1,"minecraft:wooden_axe":1,"minecraft:rose_bush":1,"born_in_chaos_v1:fused_bone":3,"beachparty:coconut_open":3,"minecraft:paper":4,"minecraft:string":8,"minecraft:redstone":47,"minecraft:raw_copper":11,"minecraft:tuff":5,"minecraft:raw_iron":1,"born_in_chaos_v1:rotten_fish":1,"beachparty:cooked_mussel_meat":5,"brewery:sausage":2,"beachparty:palm_planks":2,"minecraft:andesite":1,"minecraft:oak_sapling":8,"brewery:hops_seeds":2,"gnumus:gnumus_cheese":1,"minecraft:bow":1,"minecraft:wooden_pickaxe":1,"born_in_chaos_v1:bone_heart":1},"minecraft:broken":{"minecraft:iron_shovel":2,"minecraft:iron_boots":1,"minecraft:stone_pickaxe":1,"minecraft:iron_sword":1,"minecraft:stone_sword":1,"minecraft:shield":1,"minecraft:iron_axe":1,"minecraft:iron_pickaxe":8,"minecraft:iron_helmet":1,"minecraft:golden_pickaxe":1},"minecraft:picked_up":{"minecraft:flower_pot":1,"minecraft:smithing_table":1,"gnumus:gnumus_claw":15,"biomesoplenty:umbran_stairs":33,"minecraft:wither_rose":15,"born_in_chaos_v1:black_argillite":4,"minecraft:polished_deepslate":38,"minecraft:string":22,"minecraft:raw_copper":54,"beachparty:coconut_open":36,"minecraft:gold_nugget":1,"minecraft:cobbled_deepslate":543,"biomesoplenty:fir_planks":65,"minecraft:spruce_planks":5,"minecraft:rose_bush":1,"alexsmobs:raccoon_tail":1,"minecraft:furnace":3,"beachparty:sand_slab":10,"minecraft:stick":93,"beachparty:palm_door":1,"born_in_chaos_v1:shattered_skull":3,"born_in_chaos_v1:phantom_powder":1,"minecraft:torch":45,"minecraft:acacia_log":1,"biomesoplenty:umbran_planks":45,"minecraft:porkchop":9,"minecraft:cherry_log":1,"born_in_chaos_v1:nightmare_claw":1,"minecraft:rotten_flesh":142,"minecraft:red_tulip":1,"gnumus:gnumus_chickpeas":18,"minecraft:obsidian":15,"minecraft:cod":1,"minecraft:cobblestone":1112,"minecraft:birch_log":2,"born_in_chaos_v1:staffof_magic_arrows":1,"gnumus:gnumus_doubloons":33,"minecraft:feather":12,"minecraft:lilac":3,"minecraft:jungle_log":2,"minecraft:andesite":29,"gnumus:overripe_carrot":11,"biomesoplenty:fir_sapling":27,"biomesoplenty:fir_log":183,"beachparty:palm_log":107,"minecraft:flint":2,"minecraft:tuff":77,"artifacts:flame_pendant":1,"minecraft:lapis_lazuli":148,"minecraft:dirt":450,"gnumus:gnumus_pouch_2":5,"brewery:hops_seeds":6,"born_in_chaos_v1:monster_skin":6,"minecraft:bone":71,"minecraft:bow":2,"minecraft:wheat_seeds":7,"minecraft:raw_gold":61,"artifacts:antidote_vessel":1,"minecraft:rabbit":3,"minecraft:moss_block":1,"minecraft:oak_planks":14,"beachparty:palm_slab":9,"alexsmobs:crocodile_egg":1,"minecraft:sand":120,"alexsmobs:animal_dictionary":2,"minecraft:dark_oak_log":4,"minecraft:diamond":22,"waystones:waystone":1,"minecraft:granite":10,"minecraft:emerald":2,"minecraft:bread":3,"alexsmobs:maggot":1,"minecraft:oak_sapling":45,"born_in_chaos_v1:rotten_fish":3,"born_in_chaos_v1:diamond_termite_shard":5,"minecraft:coarse_dirt":1,"minecraft:crafting_table":3,"minecraft:allium":3,"minecraft:chicken":2,"born_in_chaos_v1:river_mint":3,"minecraft:gold_block":1,"minecraft:chain":1,"gravestone:obituary":2,"beachparty:coconut":41,"minecraft:red_bed":2,"born_in_chaos_v1:intoxicating_decoction":4,"beachparty:seashell":5,"minecraft:beef":14,"born_in_chaos_v1:gnawed_bones":1,"minecraft:chest":1,"minecraft:sugar_cane":71,"minecraft:dark_oak_sapling":1,"minecraft:raw_iron":178,"minecraft:sandstone":1,"minecraft:raw_gold_block":4,"gnumus:juicy_meat":12,"minecraft:copper_ingot":7,"beachparty:palm_planks":15,"born_in_chaos_v1:pieceofdarkmetal":16,"minecraft:carrot":1,"minecraft:redstone":164,"minecraft:arrow":15,"biomesoplenty:umbran_sapling":33,"born_in_chaos_v1:wood_splitter_axe":1,"born_in_chaos_v1:spiny_shell":4,"gnumus:mouse_skin":24,"minecraft:glow_berries":11,"minecraft:mutton":16,"minecraft:white_wool":9,"born_in_chaos_v1:fused_bone":12,"born_in_chaos_v1:corpse_maggot":42,"born_in_chaos_v1:monster_flesh":8,"minecraft:salmon":1,"minecraft:leather":10,"beachparty:raw_mussel_meat":5,"gnumus:gnumus_pouch":1,"biomesoplenty:umbran_door":2,"minecraft:oak_log":50,"minecraft:gunpowder":5,"minecraft:cobblestone_stairs":7,"minecraft:paper":8,"minecraft:apple":4,"minecraft:kelp":3,"minecraft:iron_ingot":5,"minecraft:gray_bed":4,"minecraft:iron_sword":1,"biomesoplenty:umbran_log":225,"vinery:taiga_grape_seeds_red":5,"born_in_chaos_v1:bone_heart":1,"born_in_chaos_v1:ethereal_spirit":9,"beachparty:palm_sapling":22,"minecraft:gravel":15,"minecraft:dripstone_block":9,"gnumus:gnumus_cheese":3,"minecraft:spruce_sapling":4,"minecraft:blast_furnace":1,"minecraft:spruce_log":31,"alexsmobs:raw_catfish":3,"minecraft:slime_ball":2,"minecraft:coal":149,"minecraft:sunflower":3},"minecraft:killed_by":{"born_in_chaos_v1:nightmare_stalker":1,"born_in_chaos_v1:scarlet_persecutor":1},"minecraft:custom":{"minecraft:interact_with_crafting_table":92,"minecraft:open_barrel":14,"minecraft:leave_game":7,"minecraft:time_since_death":325987,"minecraft:damage_resisted":9,"minecraft:sprint_one_cm":1006014,"minecraft:damage_blocked_by_shield":2750,"minecraft:drop":71,"minecraft:talked_to_villager":1,"minecraft:play_time":529588,"minecraft:deaths":3,"minecraft:jump":6207,"minecraft:walk_on_water_one_cm":89685,"minecraft:interact_with_furnace":158,"minecraft:sleep_in_bed":20,"minecraft:damage_dealt":42221,"minecraft:player_kills":1,"minecraft:crouch_one_cm":47919,"minecraft:interact_with_smoker":4,"minecraft:interact_with_smithing_table":3,"minecraft:mob_kills":236,"minecraft:interact_with_anvil":3,"minecraft:damage_dealt_resisted":2172,"minecraft:climb_one_cm":483,"minecraft:walk_one_cm":1713569,"minecraft:sneak_time":16160,"minecraft:walk_under_water_one_cm":30144,"minecraft:interact_with_blast_furnace":14,"minecraft:total_world_time":529588,"minecraft:time_since_rest":47154,"minecraft:damage_taken":6225,"minecraft:swim_one_cm":120121,"minecraft:fly_one_cm":1253691,"minecraft:open_chest":238,"minecraft:fall_one_cm":152442},"minecraft:used":{"minecraft:moss_block":1,"minecraft:polished_deepslate":400,"minecraft:iron_shovel":506,"minecraft:chest":9,"minecraft:shield":99,"minecraft:iron_sword":719,"brewery:sausage":17,"minecraft:carrot":2,"minecraft:tuff":1,"minecraft:obsidian":10,"minecraft:glass":33,"born_in_chaos_v1:corpse_maggot":41,"minecraft:lava_bucket":12,"biomesoplenty:fir_sapling":4,"minecraft:iron_helmet":1,"minecraft:furnace":7,"minecraft:gray_bed":4,"gnumus:grilled_juicy_meat":4,"biomesoplenty:umbran_stairs":238,"minecraft:oak_planks":130,"minecraft:stone_pickaxe":131,"minecraft:wooden_pickaxe":13,"biomesoplenty:fir_planks":190,"minecraft:sugar_cane":45,"minecraft:glow_berries":9,"minecraft:sand":19,"minecraft:blast_furnace":1,"biomesoplenty:umbran_door":4,"minecraft:cobbled_deepslate_stairs":40,"biomesoplenty:umbran_planks":163,"gnumus:gnumus_chickpeas":18,"minecraft:bread":9,"minecraft:gravel":3,"biomesoplenty:umbran_slab":4,"born_in_chaos_v1:rotten_fish":1,"minecraft:smithing_table":1,"minecraft:cooked_rabbit":6,"minecraft:andesite":12,"minecraft:golden_pickaxe":32,"brewery:pork_knuckle":10,"beachparty:coconut":36,"minecraft:enchanting_table":1,"minecraft:stone_sword":200,"minecraft:flint_and_steel":1,"minecraft:spruce_planks":93,"minecraft:cooked_chicken":1,"minecraft:torch":157,"minecraft:dirt":122,"biomesoplenty:umbran_fence":10,"minecraft:granite":6,"minecraft:wooden_axe":26,"alexsmobs:maggot":1,"beachparty:palm_planks":189,"beachparty:coconut_open":33,"minecraft:iron_axe":424,"minecraft:cobbled_deepslate":26,"minecraft:cooked_mutton":3,"beachparty:sand_slab":5,"minecraft:water_bucket":4,"minecraft:cobblestone_stairs":219,"beachparty:palm_door":2,"gnumus:overripe_carrot":8,"brewery:silo_wood":2,"minecraft:crafting_table":7,"minecraft:red_bed":2,"minecraft:cod":1,"minecraft:diamond_pickaxe":189,"minecraft:iron_pickaxe":2002,"minecraft:stone_axe":55,"minecraft:cobblestone":238,"minecraft:bucket":20,"born_in_chaos_v1:wood_splitter_axe":39,"alexsmobs:animal_dictionary":1,"minecraft:wither_rose":8,"beachparty:palm_slab":21}},"DataVersion":3465}