{"stats":{"minecraft:dropped":{"minecraft:wheat_seeds":1,"minecraft:crafting_table":1,"minecraft:dark_oak_sapling":1,"minecraft:dripstone_block":3,"minecraft:feather":2,"born_in_chaos_v1:pieceofdarkmetal":2,"minecraft:dirt":3,"born_in_chaos_v1:river_mint":1,"gnumus:gnumus_claw":3,"minecraft:wooden_axe":1,"minecraft:rose_bush":1,"gravestone:obituary":1,"minecraft:sunflower":3,"beachparty:sand_slab":2,"minecraft:paper":4,"minecraft:white_wool":2,"minecraft:redstone":47,"minecraft:bone":24,"alexsmobs:animal_dictionary":1,"minecraft:rotten_flesh":25,"gnumus:gnumus_doubloons":11,"minecraft:gunpowder":1,"minecraft:oak_sapling":8,"brewery:hops_seeds":2,"minecraft:arrow":1,"gnumus:gnumus_cheese":1,"minecraft:wooden_pickaxe":1},"minecraft:broken":{"minecraft:stone_sword":1,"minecraft:stone_pickaxe":1,"minecraft:iron_pickaxe":1,"minecraft:golden_pickaxe":1},"minecraft:killed_by":{"born_in_chaos_v1:nightmare_stalker":1},"minecraft:custom":{"minecraft:interact_with_smithing_table":2,"minecraft:mob_kills":103,"minecraft:interact_with_crafting_table":31,"minecraft:open_barrel":11,"minecraft:damage_dealt_resisted":2014,"minecraft:leave_game":3,"minecraft:time_since_death":66107,"minecraft:climb_one_cm":283,"minecraft:sprint_one_cm":343903,"minecraft:walk_one_cm":603322,"minecraft:damage_blocked_by_shield":815,"minecraft:drop":32,"minecraft:talked_to_villager":1,"minecraft:play_time":192127,"minecraft:sneak_time":2215,"minecraft:deaths":2,"minecraft:walk_under_water_one_cm":12861,"minecraft:jump":2850,"minecraft:walk_on_water_one_cm":10904,"minecraft:total_world_time":192127,"minecraft:interact_with_furnace":102,"minecraft:sleep_in_bed":4,"minecraft:time_since_rest":29738,"minecraft:damage_taken":2851,"minecraft:damage_dealt":17391,"minecraft:swim_one_cm":9521,"minecraft:fly_one_cm":554604,"minecraft:open_chest":80,"minecraft:crouch_one_cm":5461,"minecraft:interact_with_smoker":4,"minecraft:fall_one_cm":83684},"minecraft:killed":{"born_in_chaos_v1:zombie_lumberjack":2,"born_in_chaos_v1:skeleton_demoman":1,"alexsmobs:raccoon":2,"minecraft:spider":2,"alexsmobs:tasmanian_devil":2,"born_in_chaos_v1:siamese_skeletonsright":2,"born_in_chaos_v1:zombie_bruiser":3,"born_in_chaos_v1:maggot":7,"minecraft:skeleton":7,"minecraft:chicken":1,"gnumus:pitcher_mousse":3,"gnumus:gnumus_hunter":5,"born_in_chaos_v1:skeleton_thrasher":1,"minecraft:drowned":2,"artifacts:mimic":1,"born_in_chaos_v1:bonescaller":1,"minecraft:pig":7,"born_in_chaos_v1:baby_skeleton":2,"born_in_chaos_v1:swarmer":1,"gnumus:big_snout":3,"gnumus:marsupial_mousse":1,"born_in_chaos_v1:decrepit_skeleton":5,"minecraft:sheep":5,"born_in_chaos_v1:bloody_gadfly":1,"born_in_chaos_v1:zombie_fisherman":1,"minecraft:zombie":13,"born_in_chaos_v1:dread_hound":1,"born_in_chaos_v1:corpse_fly":9,"alexsmobs:crow":1,"born_in_chaos_v1:siamese_skeletonsleft":2,"minecraft:cow":6},"minecraft:used":{"beachparty:coconut":5,"minecraft:stone_sword":200,"minecraft:chest":3,"minecraft:spruce_planks":81,"minecraft:iron_sword":190,"minecraft:shield":29,"minecraft:torch":40,"minecraft:dirt":4,"brewery:sausage":15,"minecraft:granite":6,"minecraft:wooden_axe":26,"born_in_chaos_v1:corpse_maggot":18,"beachparty:palm_planks":109,"minecraft:lava_bucket":3,"minecraft:iron_axe":57,"minecraft:iron_helmet":1,"minecraft:furnace":4,"minecraft:cobbled_deepslate":24,"minecraft:water_bucket":1,"beachparty:palm_door":1,"minecraft:oak_planks":25,"minecraft:stone_pickaxe":131,"gnumus:overripe_carrot":1,"minecraft:wooden_pickaxe":13,"minecraft:sugar_cane":27,"minecraft:glow_berries":3,"minecraft:red_bed":2,"minecraft:crafting_table":4,"gnumus:gnumus_chickpeas":5,"minecraft:bread":3,"minecraft:iron_pickaxe":273,"minecraft:gravel":3,"minecraft:stone_axe":55,"minecraft:cobblestone":54,"minecraft:smithing_table":1,"minecraft:andesite":11,"minecraft:bucket":5,"alexsmobs:animal_dictionary":1,"minecraft:golden_pickaxe":32},"minecraft:mined":{"minecraft:dark_oak_leaves":9,"minecraft:deepslate_diamond_ore":9,"minecraft:cave_vines_plant":3,"minecraft:granite":6,"gravestone:gravestone":2,"vinery:taiga_grape_bush_red":2,"minecraft:grass_block":1,"minecraft:sandstone":1,"minecraft:tall_seagrass":1,"minecraft:redstone_ore":9,"minecraft:furnace":3,"minecraft:iron_ore":111,"minecraft:andesite":17,"treechop:chopped_log":13,"minecraft:deepslate_lapis_ore":8,"beachparty:sand_slab":2,"biomesoplenty:glowshroom_block":3,"minecraft:cave_vines":2,"minecraft:deepslate_iron_ore":20,"gnumus:fragile_gnumus_jug":5,"minecraft:stone":113,"minecraft:smithing_table":1,"minecraft:deepslate_redstone_ore":6,"beachparty:palm_planks":2,"brewery:wild_hops":1,"minecraft:red_bed":2,"biomesoplenty:glowing_moss_carpet":1,"minecraft:dandelion":1,"minecraft:crafting_table":3,"minecraft:torch":4,"minecraft:chest":1,"minecraft:mushroom_stem":4,"biomesoplenty:high_grass_plant":3,"minecraft:tall_grass":4,"minecraft:copper_ore":4,"minecraft:cobblestone":1,"biomesoplenty:sprout":3,"minecraft:lapis_ore":8,"minecraft:deepslate_gold_ore":18,"minecraft:sugar_cane":13,"minecraft:oak_planks":7,"minecraft:diorite":9,"minecraft:wall_torch":1,"farmersdelight:sandy_shrub":1,"minecraft:coarse_dirt":1,"minecraft:lilac":1,"minecraft:grass":7,"beachparty:palm_log":2,"minecraft:coal_ore":59,"minecraft:sunflower":1,"minecraft:gravel":3,"minecraft:dirt":10,"minecraft:gold_ore":6,"minecraft:deepslate":26},"minecraft:picked_up":{"minecraft:coarse_dirt":1,"minecraft:crafting_table":3,"minecraft:chicken":1,"born_in_chaos_v1:river_mint":3,"minecraft:smithing_table":1,"gnumus:gnumus_claw":11,"beachparty:coconut":30,"minecraft:string":18,"minecraft:red_bed":2,"minecraft:raw_copper":15,"beachparty:seashell":5,"beachparty:coconut_open":5,"minecraft:gold_nugget":1,"minecraft:cobbled_deepslate":25,"minecraft:beef":14,"minecraft:rose_bush":1,"alexsmobs:raccoon_tail":1,"minecraft:sugar_cane":14,"minecraft:chest":1,"minecraft:furnace":3,"beachparty:sand_slab":4,"minecraft:dark_oak_sapling":1,"minecraft:stick":19,"minecraft:raw_iron":129,"minecraft:sandstone":1,"born_in_chaos_v1:shattered_skull":2,"gnumus:juicy_meat":12,"minecraft:copper_ingot":7,"born_in_chaos_v1:phantom_powder":1,"minecraft:torch":6,"minecraft:acacia_log":1,"minecraft:porkchop":9,"beachparty:palm_planks":2,"born_in_chaos_v1:pieceofdarkmetal":8,"minecraft:redstone":143,"minecraft:arrow":8,"minecraft:rotten_flesh":74,"born_in_chaos_v1:wood_splitter_axe":1,"gnumus:gnumus_chickpeas":13,"gnumus:mouse_skin":12,"minecraft:glow_berries":11,"minecraft:mutton":13,"minecraft:white_wool":9,"minecraft:cobblestone":117,"born_in_chaos_v1:fused_bone":5,"born_in_chaos_v1:corpse_maggot":19,"gnumus:gnumus_doubloons":33,"minecraft:feather":6,"minecraft:lilac":2,"born_in_chaos_v1:monster_flesh":1,"minecraft:andesite":16,"gnumus:overripe_carrot":5,"minecraft:leather":10,"beachparty:raw_mussel_meat":5,"gnumus:gnumus_pouch":1,"beachparty:palm_log":66,"minecraft:oak_log":15,"minecraft:gunpowder":3,"minecraft:lapis_lazuli":101,"minecraft:dirt":10,"minecraft:paper":8,"gnumus:gnumus_pouch_2":2,"brewery:hops_seeds":6,"minecraft:bone":49,"minecraft:apple":2,"minecraft:bow":1,"minecraft:wheat_seeds":4,"minecraft:raw_gold":24,"minecraft:iron_ingot":2,"artifacts:antidote_vessel":1,"minecraft:oak_planks":7,"vinery:taiga_grape_seeds_red":5,"beachparty:palm_sapling":18,"minecraft:dripstone_block":9,"minecraft:gravel":3,"minecraft:sand":17,"gnumus:gnumus_cheese":3,"minecraft:spruce_sapling":4,"minecraft:spruce_log":26,"minecraft:dark_oak_log":4,"alexsmobs:animal_dictionary":2,"minecraft:slime_ball":2,"minecraft:diamond":9,"waystones:waystone":1,"minecraft:granite":6,"minecraft:bread":3,"minecraft:oak_sapling":8,"minecraft:coal":60,"minecraft:sunflower":3},"minecraft:crafted":{"minecraft:oak_planks":32,"gnumus:grilled_juicy_meat":3,"beachparty:palm_door":3,"brewery:sausage":19,"minecraft:furnace":1,"minecraft:cooked_mutton":2,"minecraft:iron_boots":1,"minecraft:iron_axe":1,"minecraft:stone_pickaxe":1,"minecraft:chest":3,"minecraft:dark_oak_planks":16,"minecraft:cooked_rabbit":3,"beachparty:palm_planks":132,"minecraft:cooked_beef":13,"sophisticatedbackpacks:backpack":1,"minecraft:cooked_porkchop":6,"minecraft:crafting_table":2,"brewery:pork_knuckle":6,"minecraft:spruce_planks":96,"minecraft:iron_helmet":1,"minecraft:wooden_pickaxe":1,"minecraft:iron_sword":1,"minecraft:bucket":1,"minecraft:stone_axe":1,"minecraft:air":0,"minecraft:iron_chestplate":1,"minecraft:shield":1,"minecraft:stick":8,"minecraft:iron_ingot":129,"minecraft:iron_pickaxe":2,"minecraft:wooden_axe":1,"minecraft:stone_sword":2,"minecraft:iron_leggings":1,"minecraft:gold_ingot":24,"beachparty:cooked_mussel_meat":5,"minecraft:torch":36}},"DataVersion":3465}