{"stats":{"minecraft:dropped":{"biomesoplenty:fir_log":1,"minecraft:iron_sword":1,"gnumus:overripe_carrot":3,"minecraft:crafting_table":1,"minecraft:dark_oak_sapling":1,"born_in_chaos_v1:pieceofdarkmetal":2,"gnumus:mouse_skin":4,"minecraft:flint":2,"born_in_chaos_v1:monster_flesh":1,"minecraft:dirt":3,"gnumus:gnumus_claw":3,"gravestone:obituary":5,"minecraft:sunflower":3,"biomesoplenty:fir_fence":9,"beachparty:sand_slab":2,"minecraft:white_wool":2,"minecraft:bone":29,"minecraft:gravel":80,"minecraft:sugar_cane":6,"vanillaplustools:stone_shovel":1,"alexsmobs:animal_dictionary":1,"minecraft:cobbled_deepslate":1414,"minecraft:rotten_flesh":25,"minecraft:oak_planks":1,"gnumus:gnumus_doubloons":11,"minecraft:gunpowder":1,"vanillaplustools:stone_hammer":3,"minecraft:arrow":1,"minecraft:glass":82,"minecraft:iron_ingot":13,"born_in_chaos_v1:intoxicating_decoction":1,"minecraft:wheat_seeds":1,"minecraft:lilac":1,"minecraft:dripstone_block":6,"brewery:pork_knuckle":7,"minecraft:feather":2,"minecraft:cobblestone":50,"minecraft:stick":36,"biomesoplenty:violet":12,"born_in_chaos_v1:black_argillite":4,"born_in_chaos_v1:river_mint":1,"minecraft:wooden_axe":1,"minecraft:rose_bush":1,"born_in_chaos_v1:fused_bone":3,"beachparty:coconut_open":3,"born_in_chaos_v1:staffof_magic_arrows":1,"minecraft:paper":4,"minecraft:string":8,"minecraft:redstone":116,"minecraft:raw_copper":11,"minecraft:tuff":325,"minecraft:raw_iron":3,"born_in_chaos_v1:rotten_fish":1,"brewery:fried_chicken":4,"sophisticatedbackpacks:backpack":1,"beachparty:cooked_mussel_meat":5,"brewery:sausage":7,"beachparty:palm_planks":2,"alexsmobs:lobster_tail":2,"minecraft:andesite":1,"minecraft:oak_sapling":8,"brewery:hops_seeds":2,"minecraft:bow":1,"gnumus:gnumus_cheese":1,"minecraft:wooden_pickaxe":1,"born_in_chaos_v1:bone_heart":1},"minecraft:killed_by":{"born_in_chaos_v1:nightmare_stalker":1,"born_in_chaos_v1:scarlet_persecutor":1},"minecraft:custom":{"minecraft:interact_with_crafting_table":136,"minecraft:open_barrel":14,"minecraft:leave_game":13,"minecraft:time_since_death":129314,"minecraft:damage_resisted":9,"minecraft:sprint_one_cm":1924903,"minecraft:damage_blocked_by_shield":3040,"minecraft:drop":143,"minecraft:talked_to_villager":1,"minecraft:play_time":889233,"minecraft:deaths":4,"minecraft:jump":10595,"minecraft:walk_on_water_one_cm":139097,"minecraft:interact_with_furnace":250,"minecraft:sleep_in_bed":28,"minecraft:damage_dealt":60133,"minecraft:player_kills":1,"minecraft:crouch_one_cm":75452,"minecraft:interact_with_smoker":4,"minecraft:interact_with_smithing_table":3,"minecraft:interact_with_anvil":3,"minecraft:mob_kills":369,"minecraft:damage_dealt_resisted":4844,"minecraft:climb_one_cm":1763,"minecraft:walk_one_cm":2841993,"minecraft:damage_dealt_absorbed":61,"minecraft:sneak_time":28695,"minecraft:walk_under_water_one_cm":64412,"minecraft:boat_one_cm":140929,"minecraft:interact_with_blast_furnace":37,"minecraft:total_world_time":889233,"minecraft:time_since_rest":54514,"minecraft:damage_taken":9810,"minecraft:swim_one_cm":269595,"minecraft:fly_one_cm":2175953,"minecraft:open_chest":373,"minecraft:fall_one_cm":240438},"minecraft:broken":{"minecraft:iron_shovel":2,"minecraft:iron_boots":1,"minecraft:stone_pickaxe":1,"minecraft:iron_sword":3,"minecraft:stone_sword":1,"minecraft:shield":1,"vanillaplustools:stone_hammer":10,"minecraft:iron_axe":1,"minecraft:iron_pickaxe":9,"minecraft:iron_helmet":2,"minecraft:golden_pickaxe":1},"minecraft:killed":{"born_in_chaos_v1:zombie_clown":3,"alexsmobs:lobster":7,"born_in_chaos_v1:restless_spirit":2,"born_in_chaos_v1:zombie_lumberjack":5,"born_in_chaos_v1:skeleton_demoman":1,"minecraft:spider":7,"born_in_chaos_v1:siamese_skeletonsright":6,"born_in_chaos_v1:baby_skeleton_minion":1,"born_in_chaos_v1:scarlet_persecutor":6,"minecraft:skeleton":18,"alexsmobs:banana_slug":2,"minecraft:chicken":10,"gnumus:pitcher_mousse":6,"born_in_chaos_v1:skeleton_thrasher":1,"artifacts:mimic":2,"minecraft:wolf":1,"minecraft:pig":19,"born_in_chaos_v1:bonescaller":1,"born_in_chaos_v1:diamond_termite":14,"minecraft:zombie_villager":1,"minecraft:salmon":6,"born_in_chaos_v1:glutton_fish":1,"gnumus:big_snout":4,"minecraft:creeper":2,"gnumus:marsupial_mousse":1,"minecraft:sheep":17,"born_in_chaos_v1:zombie_fisherman":3,"minecraft:zombie":33,"born_in_chaos_v1:dread_hound":8,"alexsmobs:terrapin":3,"born_in_chaos_v1:corpse_fly":31,"alexsmobs:fly":1,"born_in_chaos_v1:door_knight":3,"born_in_chaos_v1:siamese_skeletonsleft":7,"minecraft:cow":8,"alexsmobs:raccoon":3,"alexsmobs:tasmanian_devil":2,"born_in_chaos_v1:thornshell_crab":1,"born_in_chaos_v1:zombie_bruiser":8,"born_in_chaos_v1:maggot":31,"minecraft:horse":2,"alexsmobs:blue_jay":1,"minecraft:llama":4,"gnumus:gnumus_hunter":10,"alexsmobs:bison":1,"minecraft:drowned":6,"born_in_chaos_v1:corpse_fish":1,"alexsmobs:flying_fish":2,"born_in_chaos_v1:barrel_zombie":1,"gnumus:gnumus_hunter_not_dispawn":1,"born_in_chaos_v1:fallen_chaos_knight":2,"born_in_chaos_v1:baby_skeleton":4,"alexsmobs:skunk":2,"born_in_chaos_v1:swarmer":2,"minecraft:squid":1,"born_in_chaos_v1:decrepit_skeleton":18,"alexsmobs:catfish":2,"born_in_chaos_v1:bloody_gadfly":2,"alexsmobs:cockroach":1,"alexsmobs:crocodile":2,"born_in_chaos_v1:nightmare_stalker":1,"alexsmobs:crow":2},"minecraft:used":{"minecraft:moss_block":1,"minecraft:iron_shovel":506,"minecraft:polished_deepslate":461,"minecraft:chest":11,"minecraft:shield":118,"minecraft:iron_sword":1053,"brewery:fried_chicken":7,"brewery:sausage":30,"minecraft:carrot":2,"minecraft:tuff":72,"minecraft:obsidian":20,"minecraft:polished_deepslate_stairs":14,"minecraft:glass":33,"born_in_chaos_v1:corpse_maggot":48,"minecraft:lava_bucket":12,"biomesoplenty:fir_sapling":4,"minecraft:iron_helmet":1,"minecraft:magma_block":48,"minecraft:furnace":7,"minecraft:gray_bed":4,"gnumus:grilled_juicy_meat":4,"minecraft:oak_planks":130,"minecraft:stone_pickaxe":131,"biomesoplenty:umbran_stairs":238,"minecraft:wooden_pickaxe":13,"biomesoplenty:fir_planks":209,"minecraft:sugar_cane":45,"minecraft:glow_berries":9,"minecraft:sand":19,"minecraft:blast_furnace":1,"biomesoplenty:umbran_door":4,"minecraft:cobbled_deepslate_stairs":40,"biomesoplenty:umbran_planks":163,"minecraft:crying_obsidian":4,"gnumus:gnumus_chickpeas":26,"minecraft:bread":9,"minecraft:gravel":3,"biomesoplenty:umbran_slab":4,"minecraft:diamond_sword":85,"born_in_chaos_v1:rotten_fish":1,"minecraft:smithing_table":1,"minecraft:cooked_rabbit":6,"minecraft:andesite":12,"minecraft:oak_boat":1,"minecraft:golden_pickaxe":32,"brewery:pork_knuckle":16,"beachparty:coconut":36,"minecraft:iron_bars":9,"minecraft:enchanting_table":1,"minecraft:stone_sword":200,"minecraft:flint_and_steel":1,"minecraft:spruce_planks":93,"vanillaplustools:stone_hammer":1313,"minecraft:cooked_salmon":9,"minecraft:cooked_chicken":1,"minecraft:netherrack":10,"minecraft:torch":356,"minecraft:dirt":131,"biomesoplenty:umbran_fence":10,"minecraft:granite":6,"minecraft:wooden_axe":26,"alexsmobs:maggot":1,"beachparty:palm_planks":189,"minecraft:bookshelf":2,"beachparty:coconut_open":33,"minecraft:iron_axe":440,"minecraft:cobbled_deepslate":163,"minecraft:cooked_mutton":22,"born_in_chaos_v1:trident_hayfork":2,"minecraft:wheat_seeds":6,"beachparty:sand_slab":5,"alexsmobs:cooked_catfish":1,"minecraft:water_bucket":4,"minecraft:cobblestone_stairs":219,"beachparty:palm_door":2,"minecraft:birch_planks":2,"gnumus:overripe_carrot":11,"brewery:silo_wood":2,"biomesoplenty:umbran_trapdoor":8,"minecraft:red_bed":2,"minecraft:crafting_table":9,"minecraft:magenta_bed":1,"vanillaplustools:stone_shovel":114,"minecraft:cod":1,"minecraft:wooden_hoe":6,"minecraft:diamond_pickaxe":855,"minecraft:iron_pickaxe":2407,"minecraft:stone_axe":55,"minecraft:cobblestone":282,"minecraft:bucket":20,"born_in_chaos_v1:wood_splitter_axe":39,"alexsmobs:animal_dictionary":1,"minecraft:wither_rose":8,"beachparty:palm_slab":21},"minecraft:mined":{"minecraft:large_amethyst_bud":7,"minecraft:spruce_planks":5,"minecraft:mossy_stone_brick_slab":1,"minecraft:cobblestone_stairs":21,"minecraft:obsidian":29,"minecraft:cave_vines_plant":3,"minecraft:granite":11,"minecraft:budding_amethyst":4,"biomesoplenty:umbran_planks":45,"vinery:taiga_grape_bush_red":2,"minecraft:grass_block":227,"minecraft:tall_seagrass":3,"minecraft:magma_block":49,"minecraft:iron_ore":147,"minecraft:cobbled_deepslate":58,"biomesoplenty:violet":7,"minecraft:deepslate_lapis_ore":31,"biomesoplenty:glowshroom_block":3,"biomesoplenty:umbran_stairs":34,"minecraft:cave_vines":2,"minecraft:small_amethyst_bud":1,"minecraft:iron_bars":1,"minecraft:deepslate_redstone_ore":154,"minecraft:medium_amethyst_bud":3,"brewery:wild_hops":2,"biomesoplenty:glowing_moss_carpet":1,"minecraft:red_bed":2,"minecraft:amethyst_cluster":9,"born_in_chaos_v1:infected_deepslate_diamond_ore":8,"minecraft:torch":53,"minecraft:blast_furnace":1,"minecraft:calcite":101,"minecraft:chest":1,"minecraft:mushroom_stem":4,"minecraft:cobblestone":18,"minecraft:oak_planks":13,"minecraft:sugar_cane":81,"minecraft:wall_torch":34,"minecraft:amethyst_block":75,"farmersdelight:sandy_shrub":1,"minecraft:lilac":2,"biomesoplenty:fir_log":3,"minecraft:wither_rose":15,"minecraft:grass":135,"biomesoplenty:clover":3,"beachparty:palm_log":7,"minecraft:oak_log":35,"minecraft:dirt":237,"minecraft:sand":240,"beachparty:palm_slab":8,"minecraft:smooth_basalt":96,"minecraft:potted_red_tulip":1,"minecraft:netherrack":28,"minecraft:oak_leaves":49,"minecraft:deepslate":9641,"biomesoplenty:reed":3,"minecraft:crying_obsidian":4,"minecraft:tuff":1379,"minecraft:dark_oak_leaves":9,"minecraft:deepslate_diamond_ore":61,"farmersdelight:wild_carrots":1,"born_in_chaos_v1:infected_diamond_ore":1,"gravestone:gravestone":4,"biomesoplenty:bush":76,"minecraft:allium":4,"born_in_chaos_v1:black_argillite":4,"minecraft:moss_block":1,"minecraft:sandstone":1,"biomesoplenty:dune_grass":1,"minecraft:redstone_ore":9,"minecraft:furnace":3,"minecraft:raw_gold_block":4,"minecraft:andesite":29,"treechop:chopped_log":22,"minecraft:gold_block":3,"biomesoplenty:sea_oats":4,"minecraft:polished_deepslate":50,"beachparty:sand_slab":3,"biomesoplenty:high_grass":2,"minecraft:deepslate_iron_ore":51,"gnumus:fragile_gnumus_jug":7,"minecraft:stone":1117,"minecraft:smithing_table":1,"beachparty:palm_planks":10,"minecraft:dandelion":1,"minecraft:crafting_table":3,"biomesoplenty:fir_planks":69,"minecraft:rose_bush":1,"biomesoplenty:high_grass_plant":3,"minecraft:copper_ore":15,"minecraft:tall_grass":5,"minecraft:lapis_ore":9,"biomesoplenty:sprout":7,"minecraft:deepslate_gold_ore":65,"minecraft:diorite":9,"minecraft:coarse_dirt":1,"minecraft:gray_bed":4,"minecraft:bee_nest":1,"minecraft:coal_ore":348,"minecraft:sunflower":1,"minecraft:gravel":370,"minecraft:mossy_stone_bricks":1,"minecraft:gold_ore":11,"minecraft:fern":10},"minecraft:picked_up":{"minecraft:flower_pot":1,"minecraft:smithing_table":1,"gnumus:gnumus_claw":18,"minecraft:diamond_sword":1,"minecraft:wither_rose":15,"biomesoplenty:umbran_stairs":33,"biomesoplenty:violet":12,"minecraft:amethyst_block":75,"born_in_chaos_v1:black_argillite":4,"minecraft:polished_deepslate":50,"minecraft:string":24,"minecraft:raw_copper":54,"vanillaplustools:stone_shovel":2,"beachparty:coconut_open":36,"minecraft:gold_nugget":1,"minecraft:cobbled_deepslate":3771,"biomesoplenty:fir_planks":66,"minecraft:spruce_planks":5,"minecraft:rose_bush":1,"minecraft:calcite":89,"alexsmobs:raccoon_tail":1,"minecraft:furnace":3,"beachparty:sand_slab":10,"minecraft:stick":133,"beachparty:palm_door":1,"born_in_chaos_v1:shattered_skull":3,"born_in_chaos_v1:phantom_powder":1,"minecraft:torch":90,"minecraft:acacia_log":1,"biomesoplenty:umbran_planks":45,"minecraft:porkchop":37,"minecraft:cherry_log":1,"born_in_chaos_v1:nightmare_claw":1,"minecraft:rotten_flesh":188,"minecraft:red_tulip":1,"gnumus:gnumus_chickpeas":26,"minecraft:obsidian":28,"minecraft:iron_bars":1,"minecraft:cod":1,"alexsmobs:lobster_tail":2,"alexsmobs:flying_fish":2,"minecraft:cobblestone":1140,"minecraft:birch_log":2,"born_in_chaos_v1:staffof_magic_arrows":2,"minecraft:magma_block":48,"gnumus:gnumus_doubloons":33,"minecraft:cooked_beef":22,"minecraft:feather":21,"minecraft:lilac":3,"minecraft:andesite":29,"minecraft:jungle_log":3,"gnumus:overripe_carrot":14,"minecraft:brown_wool":1,"biomesoplenty:fir_sapling":27,"alexsmobs:bear_fur":1,"biomesoplenty:fir_log":183,"alexsmobs:bison_fur":8,"beachparty:palm_log":107,"minecraft:flint":50,"minecraft:tuff":742,"artifacts:flame_pendant":2,"minecraft:lapis_lazuli":240,"minecraft:dirt":499,"gnumus:gnumus_pouch_2":6,"brewery:hops_seeds":6,"born_in_chaos_v1:monster_skin":6,"minecraft:glass":41,"minecraft:bone":84,"minecraft:bow":2,"minecraft:wheat_seeds":19,"minecraft:raw_gold":79,"artifacts:antidote_vessel":1,"minecraft:rabbit":3,"minecraft:moss_block":1,"minecraft:oak_planks":14,"beachparty:palm_slab":9,"alexsmobs:crocodile_egg":1,"minecraft:sand":229,"minecraft:ink_sac":1,"minecraft:dark_oak_log":5,"alexsmobs:animal_dictionary":2,"minecraft:diamond":61,"waystones:waystone":1,"minecraft:granite":10,"minecraft:emerald":3,"minecraft:bread":3,"alexsmobs:banana_slug_slime":3,"alexsmobs:maggot":1,"minecraft:oak_sapling":50,"born_in_chaos_v1:rotten_fish":3,"minecraft:netherrack":28,"born_in_chaos_v1:sea_terror_stomach":1,"minecraft:coarse_dirt":2,"minecraft:crafting_table":3,"born_in_chaos_v1:diamond_termite_shard":17,"minecraft:allium":4,"minecraft:chicken":10,"born_in_chaos_v1:river_mint":3,"minecraft:gold_block":3,"minecraft:chain":1,"gravestone:obituary":2,"beachparty:coconut":41,"minecraft:shield":2,"minecraft:red_bed":2,"artifacts:feral_claws":2,"born_in_chaos_v1:intoxicating_decoction":5,"beachparty:seashell":5,"minecraft:beef":57,"born_in_chaos_v1:gnawed_bones":1,"minecraft:light_gray_wool":1,"minecraft:sugar_cane":114,"minecraft:chest":1,"minecraft:egg":2,"minecraft:dark_oak_sapling":1,"minecraft:raw_iron":196,"minecraft:sandstone":1,"minecraft:raw_gold_block":4,"gnumus:juicy_meat":21,"minecraft:copper_ingot":7,"beachparty:palm_planks":15,"born_in_chaos_v1:pieceofdarkmetal":18,"minecraft:carrot":4,"minecraft:redstone":381,"minecraft:arrow":16,"biomesoplenty:umbran_sapling":33,"born_in_chaos_v1:wood_splitter_axe":1,"born_in_chaos_v1:spiny_shell":5,"born_in_chaos_v1:trident_hayfork":1,"gnumus:mouse_skin":30,"minecraft:glow_berries":11,"minecraft:mutton":33,"minecraft:white_wool":15,"born_in_chaos_v1:fused_bone":14,"born_in_chaos_v1:corpse_maggot":58,"born_in_chaos_v1:monster_flesh":8,"minecraft:salmon":9,"minecraft:leather":15,"beachparty:raw_mussel_meat":5,"gnumus:gnumus_pouch":3,"biomesoplenty:umbran_door":2,"minecraft:oak_log":59,"minecraft:gunpowder":6,"minecraft:cobblestone_stairs":21,"minecraft:paper":8,"minecraft:apple":8,"minecraft:kelp":3,"minecraft:iron_ingot":7,"minecraft:gray_bed":4,"minecraft:iron_sword":1,"biomesoplenty:umbran_log":225,"minecraft:smooth_basalt":40,"vinery:taiga_grape_seeds_red":5,"born_in_chaos_v1:ethereal_spirit":9,"born_in_chaos_v1:bone_heart":1,"beachparty:palm_sapling":22,"minecraft:dripstone_block":15,"minecraft:gravel":283,"minecraft:amethyst_shard":38,"gnumus:gnumus_cheese":3,"minecraft:spruce_sapling":4,"minecraft:blast_furnace":1,"minecraft:spruce_log":31,"minecraft:crying_obsidian":4,"alexsmobs:raw_catfish":4,"minecraft:slime_ball":4,"vanillaplustools:stone_hammer":2,"minecraft:gray_wool":2,"minecraft:black_wool":1,"minecraft:coal":347,"minecraft:sunflower":3},"minecraft:crafted":{"minecraft:oak_planks":208,"gnumus:grilled_juicy_meat":13,"beachparty:palm_door":3,"minecraft:cooked_chicken":9,"brewery:sausage":79,"minecraft:cobblestone_stairs":212,"minecraft:bookshelf":2,"born_in_chaos_v1:dark_metal_ingot":1,"minecraft:cooked_mutton":23,"minecraft:iron_bars":16,"minecraft:glass":84,"minecraft:iron_boots":2,"minecraft:chest":12,"biomesoplenty:umbran_fence":33,"alexsmobs:cooked_catfish":1,"minecraft:magenta_dye":1,"minecraft:cooked_rabbit":6,"beachparty:palm_slab":12,"born_in_chaos_v1:pileof_dark_metal":1,"biomesoplenty:umbran_trapdoor":8,"minecraft:cooked_porkchop":17,"sophisticatedbackpacks:backpack":2,"minecraft:crafting_table":7,"minecraft:spruce_planks":116,"minecraft:wooden_pickaxe":1,"minecraft:iron_helmet":3,"minecraft:birch_planks":8,"biomesoplenty:fir_planks":340,"minecraft:iron_chestplate":2,"minecraft:book":9,"minecraft:wooden_hoe":1,"minecraft:paper":30,"minecraft:diamond_pickaxe":1,"minecraft:shield":3,"minecraft:stick":268,"minecraft:iron_ingot":191,"minecraft:iron_pickaxe":12,"minecraft:stone_sword":2,"minecraft:gold_ingot":115,"brewery:fried_chicken":8,"vanillaplustools:stone_hammer":11,"minecraft:polished_deepslate_stairs":16,"minecraft:furnace":4,"minecraft:flint_and_steel":1,"minecraft:diamond":1,"biomesoplenty:umbran_stairs":252,"minecraft:leather":8,"minecraft:polished_deepslate":456,"minecraft:iron_axe":3,"minecraft:stone_pickaxe":100,"minecraft:cobbled_deepslate_stairs":80,"minecraft:dark_oak_planks":16,"beachparty:palm_planks":208,"minecraft:cooked_beef":51,"brewery:silo_wood":2,"biomesoplenty:umbran_planks":644,"minecraft:magenta_bed":1,"brewery:pork_knuckle":17,"minecraft:enchanting_table":1,"minecraft:iron_sword":4,"minecraft:cooked_salmon":7,"biomesoplenty:umbran_door":3,"minecraft:bucket":6,"born_in_chaos_v1:bone_heart":2,"minecraft:stone_axe":1,"minecraft:air":0,"minecraft:bread":6,"minecraft:oak_boat":1,"biomesoplenty:fir_fence":9,"minecraft:raw_gold":36,"minecraft:wooden_axe":1,"minecraft:iron_shovel":1,"minecraft:iron_leggings":2,"beachparty:cooked_mussel_meat":5,"minecraft:white_bed":1,"minecraft:torch":264,"biomesoplenty:umbran_slab":12}},"DataVersion":3465}