{"stats":{"minecraft:killed":{"born_in_chaos_v1:zombie_lumberjack":2,"born_in_chaos_v1:skeleton_demoman":1,"minecraft:spider":2,"born_in_chaos_v1:siamese_skeletonsright":2,"born_in_chaos_v1:maggot":7,"minecraft:skeleton":7,"minecraft:chicken":1,"gnumus:pitcher_mousse":3,"gnumus:gnumus_hunter":4,"born_in_chaos_v1:skeleton_thrasher":1,"minecraft:drowned":2,"artifacts:mimic":1,"born_in_chaos_v1:bonescaller":1,"minecraft:pig":7,"born_in_chaos_v1:baby_skeleton":2,"born_in_chaos_v1:swarmer":1,"gnumus:big_snout":1,"gnumus:marsupial_mousse":1,"born_in_chaos_v1:decrepit_skeleton":3,"minecraft:sheep":2,"born_in_chaos_v1:bloody_gadfly":1,"born_in_chaos_v1:zombie_fisherman":1,"minecraft:zombie":11,"born_in_chaos_v1:dread_hound":1,"born_in_chaos_v1:corpse_fly":9,"born_in_chaos_v1:siamese_skeletonsleft":2,"minecraft:cow":6},"minecraft:mined":{"minecraft:dark_oak_leaves":9,"minecraft:deepslate_diamond_ore":9,"minecraft:granite":6,"minecraft:cave_vines_plant":3,"gravestone:gravestone":2,"minecraft:grass_block":1,"minecraft:sandstone":1,"minecraft:tall_seagrass":1,"minecraft:redstone_ore":9,"minecraft:furnace":3,"minecraft:iron_ore":111,"minecraft:andesite":17,"treechop:chopped_log":12,"minecraft:deepslate_lapis_ore":8,"beachparty:sand_slab":2,"biomesoplenty:glowshroom_block":3,"minecraft:cave_vines":2,"minecraft:deepslate_iron_ore":20,"gnumus:fragile_gnumus_jug":5,"minecraft:stone":112,"minecraft:smithing_table":1,"minecraft:deepslate_redstone_ore":6,"beachparty:palm_planks":2,"brewery:wild_hops":1,"minecraft:red_bed":2,"biomesoplenty:glowing_moss_carpet":1,"minecraft:dandelion":1,"minecraft:crafting_table":3,"minecraft:torch":4,"minecraft:chest":1,"minecraft:mushroom_stem":4,"minecraft:copper_ore":4,"minecraft:cobblestone":1,"minecraft:deepslate_gold_ore":18,"biomesoplenty:sprout":3,"minecraft:lapis_ore":8,"minecraft:oak_planks":7,"minecraft:diorite":9,"minecraft:wall_torch":1,"minecraft:lilac":1,"minecraft:grass":5,"beachparty:palm_log":2,"minecraft:coal_ore":51,"minecraft:sunflower":1,"minecraft:gravel":3,"minecraft:dirt":10,"minecraft:gold_ore":6,"minecraft:deepslate":26},"minecraft:picked_up":{"minecraft:crafting_table":3,"minecraft:chicken":1,"born_in_chaos_v1:river_mint":3,"minecraft:smithing_table":1,"gnumus:gnumus_claw":9,"beachparty:coconut":25,"minecraft:red_bed":2,"minecraft:string":18,"minecraft:raw_copper":15,"beachparty:coconut_open":5,"minecraft:cobbled_deepslate":25,"minecraft:beef":14,"minecraft:rose_bush":1,"minecraft:chest":1,"minecraft:furnace":3,"minecraft:sandstone":1,"beachparty:sand_slab":4,"minecraft:raw_iron":129,"minecraft:dark_oak_sapling":1,"minecraft:stick":16,"born_in_chaos_v1:shattered_skull":2,"gnumus:juicy_meat":5,"minecraft:copper_ingot":7,"minecraft:torch":6,"minecraft:acacia_log":1,"minecraft:porkchop":9,"beachparty:palm_planks":2,"born_in_chaos_v1:pieceofdarkmetal":6,"minecraft:redstone":141,"minecraft:arrow":8,"minecraft:rotten_flesh":59,"born_in_chaos_v1:wood_splitter_axe":1,"gnumus:gnumus_chickpeas":8,"gnumus:mouse_skin":8,"minecraft:glow_berries":8,"minecraft:mutton":6,"minecraft:white_wool":6,"minecraft:cobblestone":116,"born_in_chaos_v1:fused_bone":5,"born_in_chaos_v1:corpse_maggot":19,"gnumus:gnumus_doubloons":33,"minecraft:feather":6,"minecraft:lilac":2,"born_in_chaos_v1:monster_flesh":1,"minecraft:andesite":16,"gnumus:overripe_carrot":5,"minecraft:leather":10,"gnumus:gnumus_pouch":1,"beachparty:palm_log":55,"minecraft:oak_log":14,"minecraft:gunpowder":3,"minecraft:paper":8,"minecraft:lapis_lazuli":99,"minecraft:dirt":10,"gnumus:gnumus_pouch_2":1,"brewery:hops_seeds":6,"minecraft:bone":44,"minecraft:apple":2,"minecraft:bow":1,"minecraft:wheat_seeds":3,"minecraft:raw_gold":24,"minecraft:iron_ingot":2,"artifacts:antidote_vessel":1,"minecraft:oak_planks":7,"beachparty:palm_sapling":15,"minecraft:gravel":3,"minecraft:dripstone_block":9,"gnumus:gnumus_cheese":2,"minecraft:spruce_sapling":4,"minecraft:spruce_log":26,"minecraft:dark_oak_log":4,"alexsmobs:animal_dictionary":2,"minecraft:slime_ball":2,"minecraft:diamond":9,"minecraft:granite":6,"minecraft:bread":3,"minecraft:oak_sapling":8,"minecraft:coal":52,"minecraft:sunflower":3},"minecraft:custom":{"minecraft:interact_with_smithing_table":2,"minecraft:mob_kills":84,"minecraft:interact_with_crafting_table":30,"minecraft:open_barrel":11,"minecraft:damage_dealt_resisted":2014,"minecraft:leave_game":1,"minecraft:time_since_death":30693,"minecraft:climb_one_cm":283,"minecraft:sprint_one_cm":227673,"minecraft:walk_one_cm":493362,"minecraft:damage_blocked_by_shield":375,"minecraft:drop":32,"minecraft:talked_to_villager":1,"minecraft:play_time":156713,"minecraft:sneak_time":1791,"minecraft:deaths":2,"minecraft:walk_under_water_one_cm":12318,"minecraft:jump":2048,"minecraft:walk_on_water_one_cm":9874,"minecraft:total_world_time":156713,"minecraft:interact_with_furnace":94,"minecraft:sleep_in_bed":3,"minecraft:time_since_rest":31036,"minecraft:damage_taken":2448,"minecraft:damage_dealt":13470,"minecraft:swim_one_cm":9521,"minecraft:fly_one_cm":324004,"minecraft:open_chest":57,"minecraft:crouch_one_cm":4931,"minecraft:interact_with_smoker":4,"minecraft:fall_one_cm":59554},"minecraft:broken":{"minecraft:stone_sword":1,"minecraft:stone_pickaxe":1,"minecraft:iron_pickaxe":1,"minecraft:golden_pickaxe":1},"minecraft:killed_by":{"born_in_chaos_v1:nightmare_stalker":1},"minecraft:crafted":{"minecraft:oak_planks":32,"gnumus:grilled_juicy_meat":3,"beachparty:palm_door":3,"brewery:sausage":17,"minecraft:furnace":1,"minecraft:cooked_mutton":2,"minecraft:iron_boots":1,"minecraft:iron_axe":1,"minecraft:stone_pickaxe":1,"minecraft:chest":3,"minecraft:dark_oak_planks":16,"minecraft:cooked_rabbit":3,"beachparty:palm_planks":132,"minecraft:cooked_beef":11,"sophisticatedbackpacks:backpack":1,"minecraft:cooked_porkchop":6,"minecraft:crafting_table":2,"brewery:pork_knuckle":6,"minecraft:spruce_planks":96,"minecraft:wooden_pickaxe":1,"minecraft:iron_helmet":1,"minecraft:iron_sword":1,"minecraft:bucket":1,"minecraft:stone_axe":1,"minecraft:air":0,"minecraft:iron_chestplate":1,"minecraft:shield":1,"minecraft:stick":8,"minecraft:iron_ingot":129,"minecraft:iron_pickaxe":2,"minecraft:wooden_axe":1,"minecraft:stone_sword":2,"minecraft:gold_ingot":24,"minecraft:iron_leggings":1,"minecraft:torch":36},"minecraft:dropped":{"minecraft:wheat_seeds":1,"minecraft:dripstone_block":3,"minecraft:crafting_table":1,"minecraft:dark_oak_sapling":1,"minecraft:feather":2,"born_in_chaos_v1:pieceofdarkmetal":2,"minecraft:dirt":3,"gnumus:gnumus_claw":3,"born_in_chaos_v1:river_mint":1,"minecraft:wooden_axe":1,"minecraft:rose_bush":1,"gravestone:obituary":1,"minecraft:sunflower":3,"beachparty:sand_slab":2,"minecraft:paper":4,"minecraft:white_wool":2,"minecraft:redstone":47,"minecraft:bone":24,"alexsmobs:animal_dictionary":1,"minecraft:rotten_flesh":25,"gnumus:gnumus_doubloons":11,"minecraft:gunpowder":1,"minecraft:oak_sapling":8,"brewery:hops_seeds":2,"minecraft:arrow":1,"gnumus:gnumus_cheese":1,"minecraft:wooden_pickaxe":1},"minecraft:used":{"beachparty:coconut":5,"minecraft:stone_sword":200,"minecraft:spruce_planks":81,"minecraft:chest":3,"minecraft:shield":15,"minecraft:iron_sword":107,"minecraft:torch":40,"minecraft:dirt":4,"brewery:sausage":11,"minecraft:granite":6,"born_in_chaos_v1:corpse_maggot":18,"minecraft:wooden_axe":26,"beachparty:palm_planks":109,"minecraft:iron_axe":48,"minecraft:iron_helmet":1,"minecraft:furnace":4,"minecraft:cobbled_deepslate":24,"minecraft:water_bucket":1,"beachparty:palm_door":1,"minecraft:stone_pickaxe":131,"minecraft:oak_planks":25,"minecraft:wooden_pickaxe":13,"gnumus:overripe_carrot":1,"minecraft:sugar_cane":13,"minecraft:glow_berries":3,"minecraft:red_bed":2,"minecraft:crafting_table":4,"minecraft:bread":3,"minecraft:iron_pickaxe":262,"minecraft:gravel":3,"minecraft:stone_axe":55,"minecraft:cobblestone":54,"minecraft:smithing_table":1,"minecraft:bucket":1,"minecraft:andesite":11,"alexsmobs:animal_dictionary":1,"minecraft:golden_pickaxe":32}},"DataVersion":3465}